date,carbune,consum,hidro,hidrocarburi,nuclear,eolian,productie,fotovolt,biomasa,sold
2024-11-23 14:17:34,809,6805,1400,1594,1340,1543,7019,285,35,-213
2024-11-23 07:30:13,806,6411,991,1555,1383,1853,6639,0,38,-227
2024-11-23 01:30:05,790,5944,1182,1494,1382,2593,7477,-1,35,-1533
2024-11-22 19:25:33,816,8219,1230,1561,1373,2509,7527,-1,37,691
2024-11-22 13:00:10,815,8202,1238,1679,1370,2648,7997,205,39,204
2024-11-22 06:29:15,789,6726,1393,1642,1387,1808,7056,-3,37,-329
2024-11-21 23:47:19,834,6350,1155,1514,1380,879,5800,-3,38,550
2024-11-21 15:55:28,871,7622,1276,1548,1334,458,5677,127,37,1945
2024-11-21 09:29:28,838,7953,1114,1433,1359,2223,7207,179,37,745
2024-11-21 03:25:28,839,5828,1023,1526,1389,2152,6964,-2,35,-1136
2024-11-20 21:25:15,836,7568,1265,1501,1383,2285,7307,-2,36,261
2024-11-20 14:25:28,815,7358,1259,1608,1383,846,6303,353,35,1055
2024-11-20 08:25:16,812,7870,1154,1626,1390,2205,7332,83,39,538
2024-11-20 02:25:06,837,5813,953,1608,1391,2183,7009,-3,37,-1196
2024-11-19 20:25:27,968,7948,1337,1554,1386,1331,6614,-2,39,1333
2024-11-19 12:25:28,930,6181,1026,1435,1380,27,5550,711,38,630
2024-11-19 04:29:34,972,5919,1058,1466,1382,139,5053,-3,37,865
2024-11-18 22:30:26,1025,7049,1447,1669,1383,39,5613,-3,38,1435
2024-11-18 14:00:17,925,7257,1217,1473,1384,158,5813,617,35,1444
2024-11-18 06:57:32,1029,7091,1163,1691,1378,602,5907,-3,37,1184
2024-11-18 00:56:15,952,5594,1081,1546,1370,784,5767,-3,34,-172
2024-11-17 17:01:33,1007,6743,1174,1248,1367,485,5325,-1,36,1417
2024-11-17 10:00:18,928,5598,1054,1394,1317,329,5551,475,36,46
2024-11-17 04:00:02,969,5444,1087,1616,1368,346,5424,-3,38,20
2024-11-16 21:55:29,923,6876,1214,1555,1376,264,5369,-2,37,1507
2024-11-16 15:25:12,933,6463,1125,1532,1377,108,5389,274,37,1074
2024-11-16 03:14:20,966,5809,1047,1595,1378,839,5868,-2,37,-59
2024-11-15 19:00:25,1169,8166,1376,1626,1362,452,6028,-2,43,2138
2024-11-15 12:30:23,1060,7672,1200,1565,1349,193,5856,445,40,1816
2024-11-15 06:29:27,1063,6678,1068,1609,1375,26,5181,-2,40,1496
2024-11-15 00:29:28,882,6119,1092,1672,1370,10,5067,-2,42,1051
2024-11-14 17:16:38,778,8105,1408,1744,1334,8,5322,-1,43,2782
2024-11-14 11:18:20,799,7887,1499,1703,1335,-11,5625,229,43,2262
2024-11-14 04:55:03,747,5861,1071,1573,1381,84,4891,-2,35,970
2024-11-13 19:08:40,1008,8190,1578,1681,1356,119,5774,-1,31,2416
2024-11-13 12:08:10,769,7750,2025,1631,1347,110,6134,221,28,1616
2024-11-13 05:00:12,701,5899,1058,1526,1373,132,4827,-2,37,1072
2024-11-12 22:47:03,855,6721,1245,1604,1371,143,5262,-2,42,1458
2024-11-12 15:08:41,877,8120,2180,1688,1360,469,6670,52,41,1450
2024-11-12 09:08:32,934,8268,1829,1707,1370,552,6515,72,43,1752
2024-11-11 14:46:56,858,7924,1676,1671,1364,862,6647,169,43,1277
2024-11-11 08:49:21,838,8050,1620,1682,1380,1276,6949,77,42,1101
2024-11-11 01:55:33,809,5291,954,1610,1384,1999,6792,-3,38,-1501
2024-11-10 19:38:21,867,7068,1316,1616,1384,2206,7431,-2,42,-362
2024-11-10 12:59:57,876,5911,1006,1137,1386,1453,6268,368,40,-356
2024-11-10 06:47:31,879,5620,966,1602,1385,1420,6295,-1,40,-675
2024-11-10 00:46:47,878,5555,1169,1661,1383,1865,6996,-1,40,-1441
2024-11-09 18:29:55,858,7512,1343,1607,1383,1605,6845,-1,44,667
2024-11-09 12:17:15,879,6448,1375,1553,1381,1630,7268,406,40,-819
2024-11-09 05:46:53,833,5627,1055,1562,1384,1226,6103,-2,40,-476
2024-11-08 23:25:30,869,6136,1123,1555,1378,1535,6502,-3,38,-365
2024-11-08 16:16:15,849,6964,1246,1595,1378,154,5409,130,49,1554
2024-11-08 09:57:31,743,6510,1008,1530,1329,92,5634,879,50,876
2024-11-08 03:25:33,804,5749,1132,1625,1384,66,5060,-3,50,689
2024-11-07 21:20:28,901,7485,1372,1658,1367,181,5536,-2,49,1949
2024-11-07 13:56:11,801,6291,1124,1565,1328,57,5936,1006,51,354
2024-11-07 06:25:30,762,6658,1151,1613,1381,35,4995,-3,49,1662
2024-11-06 23:39:07,766,6247,1222,1613,1376,33,5057,-3,47,1190
2024-11-06 16:08:07,780,7106,1250,1598,1368,-13,5237,205,47,1868
2024-11-06 09:55:51,759,6783,1174,1567,1376,24,5830,879,47,953
2024-11-06 02:38:38,653,5643,1145,1543,1368,193,4947,-3,46,696
2024-11-05 20:38:38,788,7692,1652,1430,1360,56,5329,-2,44,2362
2024-11-05 12:47:10,668,6042,1067,1060,1358,85,5273,987,45,769
2024-11-05 05:56:25,665,6022,1116,1089,1367,822,5103,-2,42,918
2024-11-04 23:55:33,829,5996,1064,1057,1361,1746,6101,-2,44,-105
2024-11-04 17:38:04,1032,7828,1437,1067,1330,1245,6180,-1,47,1647
2024-11-04 04:47:11,761,5236,929,1038,1371,1501,5640,-2,41,-403
2024-11-03 22:47:23,872,5828,1235,1040,1371,261,4821,-1,41,1006
2024-11-03 14:16:28,761,5184,730,663,1373,175,4110,365,42,1074
2024-11-03 08:08:19,831,5443,976,611,1372,853,4748,52,42,695
2024-11-03 02:00:07,853,5145,986,1042,1374,1997,6302,-2,45,-1156
2024-11-02 20:00:30,867,6912,1274,1034,1403,2087,6705,-1,40,206
2024-11-02 12:55:15,761,5396,893,995,1403,729,5499,673,42,-102
2024-11-02 06:55:02,754,5663,1042,1007,1374,1674,5894,-1,42,-231
2024-11-02 00:56:17,756,5532,1017,999,1364,1490,5680,-1,51,-147
2024-11-01 17:17:19,889,7227,1404,981,1360,1236,5927,-1,52,1300
2024-11-01 10:31:13,855,6119,889,897,1321,199,4946,711,52,1173
2024-11-01 04:08:08,912,5254,1106,1023,1378,225,4710,-2,50,543
2024-10-31 21:37:57,894,6937,1629,1066,1370,10,5022,-2,52,1915
2024-10-31 14:16:24,802,6432,1191,1097,1351,22,5107,593,47,1324
2024-10-31 07:17:25,1009,6669,1408,1106,1384,39,5018,15,51,1651
2024-10-31 00:38:15,1035,5707,1175,1106,1377,27,4773,-2,52,934
2024-10-30 18:18:12,1024,7757,1762,1125,1377,-2,5341,0,54,2416
2024-10-30 11:30:04,989,6455,1215,1090,1345,-6,5428,741,51,1027
2024-10-30 04:55:18,1022,5535,1108,1066,1385,36,4670,-3,53,865
2024-10-29 22:38:07,997,6375,1598,1093,1369,67,5187,-2,52,1188
2024-10-29 16:26:05,1041,6890,1351,1084,1317,141,5075,93,50,1815
2024-10-29 09:31:23,1001,6783,1353,1077,1337,312,5682,534,51,1100
2024-10-29 03:00:32,990,5367,1019,1059,1379,699,5197,-3,51,169
2024-10-28 20:38:18,937,7407,1568,1048,1370,442,5420,-2,53,1987
2024-10-28 13:38:15,803,6138,1380,1086,1366,169,5841,973,48,296
2024-10-28 06:46:17,795,6052,1282,1096,1385,641,5250,-2,44,802
2024-10-28 00:47:06,770,5006,990,1045,1386,858,5090,-3,43,-84
2024-10-27 18:47:33,811,6568,1120,1032,1393,1212,5618,-1,48,950
2024-10-27 11:59:29,802,4280,1054,1052,1380,446,5603,818,49,-1322
2024-10-27 05:39:09,800,5228,822,1090,1388,552,4703,-2,51,525
2024-10-27 00:38:10,788,5369,1026,1071,1387,468,4806,-2,52,562
2024-10-26 18:29:06,781,6420,1638,1015,1387,202,5084,2,55,1335
2024-10-26 12:17:21,792,4794,838,1027,1383,14,4950,840,52,-156
2024-10-26 06:17:15,792,5659,1206,1185,1382,13,4632,-2,54,1026
2024-10-25 23:55:14,787,6103,1522,1096,1377,14,4850,-3,55,1253
2024-10-25 16:30:33,823,6110,1275,1000,1364,17,5149,608,55,960
2024-10-25 10:20:11,821,6711,1611,1129,1363,28,5720,710,55,991
2024-10-25 03:08:31,804,5473,1019,1117,1386,95,4477,-3,58,996
2024-10-24 18:30:22,852,7391,1740,1112,1369,262,5403,-1,62,1987
2024-10-24 12:00:09,749,6155,1299,1008,1338,474,5777,850,56,377
2024-10-24 05:25:09,786,5696,1031,1093,1385,1212,5570,-3,60,126
2024-10-23 23:08:29,1064,6265,1388,1024,1382,1111,6037,-2,58,227
2024-10-23 15:47:17,1000,5959,1045,942,1381,245,5555,884,54,404
2024-10-23 09:38:34,983,6933,1673,1020,1345,144,5776,529,58,1156
2024-10-23 03:26:13,939,5402,885,945,1385,520,4727,-2,53,674
2024-10-22 20:33:14,964,7687,1830,1063,1381,487,5806,-2,54,1880
2024-10-22 12:39:17,780,5582,1199,946,1335,77,5638,1224,51,-56
2024-10-22 04:55:28,795,5559,1130,1099,1381,49,4505,-3,49,1053
2024-10-21 22:46:32,739,6505,1804,1089,1370,83,5138,-3,50,1367
2024-10-21 14:25:19,524,5585,1117,932,1328,81,5228,1189,52,357
2024-10-21 07:11:10,631,6739,1640,1108,1371,115,4917,-3,52,1822
2024-10-21 00:38:34,614,5136,1072,1025,1374,95,4231,-3,51,905
2024-10-20 16:38:28,549,4849,994,908,1375,97,4421,442,52,428
2024-10-20 10:38:22,573,4571,1354,970,1370,146,5164,695,54,-593
2024-10-20 03:38:17,607,4953,1108,1033,1368,147,4318,-2,55,635
2024-10-19 21:08:33,608,6870,2021,1123,1364,223,5398,-2,57,1472
2024-10-19 13:08:05,602,4822,1116,1017,1350,359,5361,858,56,-538
2024-10-19 06:37:56,607,5617,1341,1089,1379,477,4948,-1,54,669
2024-10-19 00:37:57,800,5652,1603,1094,1368,300,5221,-2,55,430
2024-10-18 16:47:10,763,6056,1483,938,1360,355,5562,606,54,493
2024-10-18 10:46:49,738,5998,1441,946,1353,596,6116,983,54,-118
2024-10-18 03:46:25,823,5211,1298,981,1363,855,5371,-2,51,-159
2024-10-17 21:30:20,769,7223,1927,943,1372,1309,6372,-1,52,851
2024-10-17 15:16:20,709,5645,1252,966,1350,1809,7134,995,51,-1489
2024-10-17 08:17:03,781,7024,1948,1049,1376,2229,7522,67,56,-497
2024-10-17 02:08:31,826,5177,1340,985,1370,835,5403,-2,48,-226
2024-10-16 19:59:35,836,7489,2265,1099,1340,900,6518,-1,52,970
2024-10-16 13:47:07,762,5880,1040,1002,1295,1251,6127,722,53,-247
2024-10-16 07:47:16,818,6762,2617,1032,1036,1179,6753,0,52,8
2024-10-16 01:17:28,757,5310,1274,965,1027,1294,5376,-2,47,-65
2024-10-15 19:08:10,837,7517,2426,1492,701,233,5743,0,52,1773
2024-10-15 12:47:34,732,6041,1774,988,687,48,5076,791,52,964
2024-10-15 05:47:06,731,5373,1342,1008,682,65,3877,-2,49,1495
2024-10-14 23:46:18,692,6583,1975,984,1426,104,5282,48,50,1300
2024-10-14 16:47:16,664,5501,1316,967,685,3,4256,565,50,1245
2024-10-14 10:47:20,624,5521,1406,828,685,387,4665,683,49,855
2024-10-14 04:46:42,674,4570,1183,899,697,1089,4592,-2,45,-21
2024-10-13 22:46:30,673,5429,1601,907,703,543,4477,-1,49,951
2024-10-13 15:38:38,617,4226,930,833,703,181,3793,477,49,432
2024-10-13 09:25:30,715,4992,1038,916,703,228,3915,265,48,1076
2024-10-13 02:25:40,705,4796,861,892,706,1044,4260,-2,52,536
2024-10-12 20:25:30,692,6653,2276,1065,700,1619,6428,-1,56,225
2024-10-12 14:16:15,715,5364,1356,914,702,2089,6212,388,49,-856
2024-10-12 08:17:31,721,5822,1694,988,704,2060,6274,39,52,-451
2024-10-12 02:17:06,718,5077,1274,967,703,1128,4847,-2,57,230
2024-10-11 20:20:21,715,7098,2082,1486,698,181,5240,-1,57,1858
2024-10-11 13:59:15,791,6063,1190,1340,704,193,4871,592,56,1191
2024-10-11 07:46:21,845,6399,1714,1425,699,79,4839,6,55,1560
2024-10-11 01:47:43,832,5187,1174,1368,700,195,4321,-3,54,865
2024-10-10 19:08:09,855,7142,1780,1411,1379,222,5711,1,56,1431
2024-10-10 13:08:02,821,5318,1219,1269,1365,256,6114,1123,58,-796
2024-10-10 07:08:36,829,6383,1421,1391,1391,1092,6195,-2,53,187
2024-10-10 01:08:43,833,5379,1025,1306,1377,1197,5789,-3,52,-410
2024-10-09 18:30:08,842,6797,1730,1364,1378,638,6026,15,55,771
2024-10-09 11:55:37,754,5854,1259,1142,1325,1461,6863,864,52,-1008
2024-10-09 05:55:23,837,5528,1113,1337,1387,1576,6304,-2,55,-776
2024-10-08 23:47:04,751,5527,1299,1287,1383,1410,6186,-2,56,-659
2024-10-08 17:38:15,776,6372,1533,1254,1381,186,5423,237,54,948
2024-10-08 10:38:12,787,5795,1343,1301,1363,201,5898,842,51,-103
2024-10-08 04:30:17,832,5158,1180,1417,1384,300,5162,-1,49,-3
2024-10-07 22:30:32,798,6299,1610,1428,1382,151,5424,-2,51,874
2024-10-07 15:00:24,759,5606,1222,856,1317,275,5239,756,50,367
2024-10-07 08:26:12,870,6803,1631,941,1382,1220,6221,115,47,582
2024-10-07 02:25:18,768,4575,1262,855,1379,1102,5408,-3,43,-832
2024-10-06 20:20:10,837,6370,1834,1029,1380,335,5479,-3,46,890
2024-10-06 13:56:17,793,4958,1012,891,1376,56,4520,341,48,437
2024-10-06 07:55:43,797,5006,1474,918,1379,91,4720,3,45,286
2024-10-06 01:47:05,744,4883,1286,915,1375,440,4804,-3,45,79
2024-10-05 19:47:27,877,6904,2076,1429,1382,258,6101,-2,55,802
2024-10-05 13:30:25,796,5625,1542,1296,1377,-1,5480,411,56,144
2024-10-05 07:29:42,806,5537,1646,1335,1377,117,5350,0,55,187
2024-10-05 01:30:26,833,5208,1474,1365,1375,321,5423,-2,56,-214
2024-10-04 19:25:18,670,7237,2078,1479,1365,728,6383,-2,57,854
2024-10-04 13:25:28,814,6175,1562,1314,1333,1088,6781,614,53,-605
2024-10-04 07:16:27,849,6388,1916,1425,1378,1371,7006,-1,57,-618
2024-10-04 01:17:14,867,5289,1346,1391,1377,1530,6552,-2,53,-1262
2024-10-03 19:00:35,851,6956,1882,1406,1373,1065,6664,-1,56,292
2024-10-03 12:47:38,768,5620,1381,1173,1334,766,6494,1015,53,-874
2024-10-03 06:47:32,846,6019,1369,1361,1380,747,5755,-2,53,263
2024-10-03 00:46:13,790,5358,1386,1388,1366,258,5238,-3,51,119
2024-10-02 18:25:15,846,6595,1689,1319,1363,60,5380,46,55,1215
2024-10-02 11:00:27,783,5671,1409,1253,1365,504,6324,958,50,-653
2024-10-02 04:26:15,823,5123,1211,1342,1373,2117,6920,-2,54,-1796
2024-10-01 22:26:34,831,6250,1780,1369,1375,2413,7816,-3,49,-1565
2024-10-01 16:25:27,697,5624,1306,941,1372,2299,7279,611,54,-1654
2024-10-01 10:26:17,839,6307,1545,901,1364,2539,7797,549,56,-1490
2024-10-01 04:25:32,838,5000,917,874,1368,2456,6507,-2,54,-1506
2024-09-30 22:27:21,838,6182,1809,951,1359,2623,7632,-3,55,-1450
2024-09-30 15:30:32,836,6240,1252,868,1348,2579,7345,403,57,-1105
2024-09-30 09:30:15,875,6648,1776,903,1342,2537,7640,149,55,-991
2024-09-30 03:29:15,784,4457,880,868,1369,2486,6461,-4,50,-2004
2024-09-29 21:30:09,737,5924,1819,862,1373,2103,6942,-3,49,-1018
2024-09-29 14:25:20,755,5557,1272,851,1367,536,4955,109,50,602
2024-09-29 08:09:31,754,5009,1688,884,1371,291,5084,28,52,-74
2024-09-29 01:59:41,743,4851,1329,909,1370,471,4873,-3,51,-22
2024-09-28 18:48:35,766,6071,1651,883,1370,1146,5879,9,52,192
2024-09-28 12:46:09,721,4667,924,783,1375,592,5573,1110,52,-905
2024-09-28 06:08:04,716,5131,936,868,1367,1098,5040,-2,55,90
2024-09-28 00:10:03,780,5485,1397,944,1355,1505,6057,-2,52,-571
2024-09-27 16:08:41,693,5542,1191,765,1351,1358,6278,861,55,-735
2024-09-27 09:56:16,796,5966,1575,879,1314,424,5752,713,48,214
2024-09-27 03:08:19,744,5007,1068,853,1367,1179,5286,-3,52,-278
2024-09-26 21:09:17,895,7002,1644,1295,1355,1324,6571,0,56,430
2024-09-26 13:17:27,809,5453,1134,998,1317,311,5718,1091,54,-264
2024-09-26 07:08:30,946,6272,1391,1289,1366,358,5404,-2,54,868
2024-09-26 00:55:15,872,5184,1318,1238,1355,683,5516,-3,54,-332
2024-09-25 17:19:24,882,6433,1315,1186,1355,427,5497,274,51,936
2024-09-25 11:00:30,832,5742,1350,1209,1356,173,5821,841,52,-79
2024-09-25 04:47:04,919,5125,1069,1273,1361,122,4801,-3,52,324
2024-09-24 22:48:32,918,5911,1678,1237,1367,448,5702,-4,55,208
2024-09-24 14:56:33,744,5312,1197,1179,1364,306,5975,1130,53,-662
2024-09-24 08:47:21,787,6201,1365,1302,1358,79,5336,378,59,865
2024-09-24 02:46:17,843,4917,1294,1312,1358,27,4888,-3,56,28
2024-09-23 18:56:03,896,6536,1772,1273,1357,37,5437,33,55,1099
2024-09-23 12:56:11,755,5043,1175,1160,1346,53,5711,1163,55,-667
2024-09-23 06:30:08,592,5290,1435,1283,1362,605,5322,-3,45,-31
2024-09-23 00:25:22,584,4724,1246,1189,1358,480,4901,-4,46,-177
2024-09-22 16:09:15,402,4091,922,441,1310,150,4018,745,45,72
2024-09-22 09:09:08,479,4420,1335,460,1362,253,4347,408,47,72
2024-09-22 02:56:21,513,4497,1218,471,1364,346,3955,-4,45,542
2024-09-21 18:55:14,722,5828,1770,759,1363,261,4965,35,45,863
2024-09-21 12:09:31,595,4177,941,683,1359,574,5297,1088,47,-1119
2024-09-21 06:08:08,769,4992,1378,853,1363,1064,5486,-3,50,-493
2024-09-20 23:57:30,669,5269,1543,1232,1358,1111,5962,-3,49,-693
2024-09-20 17:51:52,761,5947,1513,1284,1360,1177,6499,320,53,-552
2024-09-20 10:55:18,634,5277,1283,1156,1358,1668,6986,833,52,-1709
2024-09-20 04:55:06,707,4931,1198,1359,1361,1879,6549,-3,46,-1618
2024-09-19 22:39:33,686,5886,1639,1316,1357,1820,6861,-4,45,-974
2024-09-19 16:16:53,689,5811,1320,1017,1320,1278,6044,372,45,-232
2024-09-19 08:47:05,736,6416,1704,1411,1363,1203,6792,311,46,-376
2024-09-19 02:26:04,683,4995,1190,1243,1357,1611,6129,-3,46,-1133
2024-09-18 19:47:17,775,7035,1775,1321,1353,673,5947,-3,46,1087
2024-09-18 11:26:41,684,5763,1560,1269,1357,411,6006,681,42,-243
2024-09-18 05:00:13,729,5055,1053,1353,1359,807,5338,-3,36,-283
2024-09-17 22:59:47,672,5756,1505,1391,1359,393,5375,-3,53,380
2024-09-17 15:15:20,636,5495,1062,1215,1354,568,5615,728,50,-120
2024-09-17 08:09:11,752,6337,1493,1367,1354,510,5668,116,55,668
2024-09-17 01:47:49,674,5094,1003,1344,1357,673,5101,-3,51,-7
2024-09-16 18:38:30,725,6325,1416,1205,1353,130,4986,100,52,1339
2024-09-16 12:38:29,634,5526,962,1023,1341,488,5328,827,50,197
2024-09-16 06:38:41,721,5407,978,1183,1365,1222,5513,-3,46,-105
2024-09-16 00:39:32,762,4701,1023,1067,1363,605,4863,-3,43,-162
2024-09-15 17:59:56,822,5275,991,883,1364,638,5009,267,41,265
2024-09-15 10:25:38,741,4313,608,646,1354,181,4336,766,36,-23
2024-09-15 04:26:26,826,4677,684,792,1353,1093,4779,-3,35,-101
2024-09-14 22:25:15,746,5518,987,731,1343,1213,5061,-3,42,457
2024-09-14 15:09:48,770,5046,619,635,1310,1067,4825,382,39,220
2024-09-14 09:00:45,763,5516,932,749,1350,1092,5012,82,40,504
2024-09-14 03:00:25,835,5071,708,772,1352,1643,5358,-3,46,-286
2024-09-13 20:31:08,874,7167,1424,1184,1353,1850,6748,-3,47,418
2024-09-13 14:25:53,790,6082,853,1157,1353,1121,6066,745,45,15
2024-09-13 08:26:00,838,6377,1171,1148,1351,118,4932,241,44,1444
2024-09-13 02:25:38,827,5188,1082,1228,1350,182,4713,-3,44,474
2024-09-12 13:47:22,731,5732,1148,1073,1290,211,5445,945,40,286
2024-09-12 07:47:35,836,6384,1198,1137,1349,437,5032,25,41,1351
2024-09-12 01:47:21,875,5282,1067,1141,1339,287,4753,1,39,529
2024-09-11 18:38:53,841,6568,1358,1055,1333,206,4876,40,42,1691
2024-09-11 12:29:29,801,6755,1176,1056,1304,648,5251,220,38,1504
2024-09-11 06:25:50,791,5673,1079,1047,1351,262,4578,-3,42,1095
2024-09-11 00:26:07,838,5464,1126,1054,1332,253,4647,-3,43,817
2024-09-10 16:47:41,792,6602,1321,1083,1279,386,5085,185,33,1516
2024-09-10 10:29:20,622,6451,1051,1016,1303,63,4524,426,40,1926
2024-09-10 04:25:21,780,5028,1075,1079,1349,68,4394,-3,42,633
2024-09-09 22:25:24,793,6245,1314,1067,1334,348,4897,-4,43,1347
2024-09-09 15:00:08,670,5619,1015,981,1307,91,5152,1043,41,467
2024-09-09 08:25:22,717,6153,1030,1111,1346,219,4796,329,40,1357
2024-09-09 02:26:43,704,4543,1004,1142,1342,176,4406,-3,39,136
2024-09-08 18:46:23,690,5516,1207,697,1343,353,4470,134,40,1045
2024-09-08 12:46:49,631,3785,531,543,1345,787,5100,1223,37,-1314
2024-09-08 06:46:39,688,4569,728,672,1330,1398,4855,-2,39,-286
2024-09-08 00:47:25,690,5030,1045,1136,1341,1210,5461,-3,40,-430
2024-09-07 18:00:19,733,5855,930,1011,1336,1388,5821,367,52,33
2024-09-07 12:00:49,652,4695,609,774,1335,1677,6187,1081,48,-1491
2024-09-07 06:00:41,664,5040,916,1068,1334,1447,5484,-2,55,-443
2024-09-06 23:59:31,800,5578,1081,1106,1326,1143,5510,-2,54,67
2024-09-06 16:39:32,878,6163,1148,1068,1318,592,5696,634,51,467
2024-09-06 09:00:27,912,6232,1087,1098,1321,698,5597,420,58,634
2024-09-06 02:29:48,910,5156,1019,1123,1327,826,5264,-3,54,-107
2024-09-05 18:30:36,907,6753,1275,1029,1322,1010,5821,214,55,932
2024-09-05 12:29:30,842,5664,959,977,1267,809,6100,1190,51,-435
2024-09-05 05:55:22,906,5309,1037,1068,1339,762,5167,-1,54,141
2024-09-04 23:56:34,915,5673,1037,1070,1332,755,5161,-2,52,511
2024-09-04 17:30:28,946,6669,1142,1005,1323,1215,6147,454,53,521
2024-09-04 11:29:52,837,5866,1004,977,1281,916,6088,1021,48,-222
2024-09-04 04:17:32,858,5106,934,1037,1335,689,4906,-2,53,200
2024-09-03 22:17:38,1007,6755,1556,1176,1334,197,5325,-3,56,1429
2024-09-03 14:38:49,755,6000,983,942,1336,398,5564,1098,48,436
2024-09-03 08:38:26,825,6209,1169,1034,1333,456,5234,360,53,975
2024-09-03 02:38:21,803,5122,1036,1105,1327,420,4746,1,51,376
2024-09-02 20:38:31,871,7384,2157,1170,1319,128,5720,-3,50,1664
2024-09-02 14:38:21,757,5882,1134,983,1266,146,5358,1021,49,524
2024-09-02 08:38:29,747,6050,1135,1022,1334,408,5048,346,53,1002
2024-09-02 02:38:17,727,4716,993,1067,1334,364,4535,0,47,181
2024-09-01 20:18:48,819,6136,1391,1072,1325,217,4893,-2,47,1243
2024-09-01 14:17:32,729,4540,738,741,1325,370,4757,807,45,-216
2024-09-01 08:17:31,832,4740,830,808,1327,721,4731,164,47,9
2024-09-01 02:16:21,844,4782,985,1072,1326,599,4879,3,46,-96
2024-08-31 19:17:21,832,6329,1815,1117,1328,351,5537,40,51,791
2024-08-31 13:17:36,786,5215,867,856,1328,919,5807,1000,48,-592
2024-08-31 06:59:51,849,5104,1613,1109,1339,601,5566,0,51,-461
2024-08-31 00:59:43,802,5474,1153,1051,1328,851,5238,-3,54,236
2024-08-30 12:38:33,823,6225,967,946,1262,1040,5780,688,51,444
2024-08-30 06:25:32,916,5589,1066,1062,1338,855,5288,-2,51,301
2024-08-30 00:25:34,914,5682,1117,1080,1328,799,5291,-2,52,390
2024-08-29 17:08:51,825,6548,1206,1015,1305,550,5319,359,55,1228
2024-08-29 11:08:44,831,6245,1182,1134,1265,889,5905,548,51,339
2024-08-29 05:08:34,754,5416,982,1167,1303,756,5014,-3,52,401
2024-08-28 23:08:22,992,6360,1100,1155,727,679,4711,-3,52,1649
2024-08-28 16:08:39,1023,6683,1164,1110,687,858,5324,431,49,1358
2024-08-28 10:08:31,960,6596,1034,1074,688,627,4814,377,52,1781
2024-08-28 02:46:32,867,5250,1012,1146,686,615,4376,-3,50,874
2024-08-27 19:38:36,951,7198,1720,1301,681,215,4941,13,53,2256
2024-08-27 13:38:17,735,7017,1160,1142,681,455,4954,724,54,2062
2024-08-27 06:08:24,741,5622,1190,1296,683,703,4663,-4,52,959
2024-08-27 00:08:26,743,5907,1498,1310,681,446,4728,-4,53,1179
2024-08-26 16:46:34,769,7101,1817,1220,665,1174,6398,702,49,703
2024-08-26 10:47:34,658,6352,1139,1166,1325,609,5829,878,51,522
2024-08-26 03:29:16,684,4834,988,1241,1334,278,4573,-2,47,260
2024-08-25 20:48:38,792,6749,1324,1019,1332,603,5139,-2,46,1609
2024-08-25 14:08:38,679,4661,516,795,1331,639,5184,1170,43,-522
2024-08-25 08:08:46,686,4706,839,907,1337,640,4714,261,43,-8
2024-08-25 02:08:48,744,4964,969,994,1333,501,4583,-3,40,380
2024-08-24 13:56:38,781,5211,493,984,1287,238,5038,1206,47,173
2024-08-24 07:55:48,818,5315,1036,1204,1332,383,4991,168,47,323
2024-08-24 01:56:28,879,5380,1050,1258,1329,118,4685,-1,50,694
2024-08-23 18:38:20,1080,7109,1374,1147,1323,171,5417,266,54,1691
2024-08-23 12:38:17,820,5854,803,1092,1262,287,5547,1231,48,307
2024-08-23 05:29:25,838,5331,1023,1208,1335,1225,5685,-2,53,-354
2024-08-22 23:30:26,853,6165,1132,1092,1334,1379,5845,-2,52,319
2024-08-22 16:08:34,736,6595,1201,1142,1322,529,5766,781,51,829
2024-08-22 10:08:32,758,6095,1027,1113,1267,782,5778,778,51,317
2024-08-22 02:55:38,765,5319,1074,1242,1324,94,4544,-3,46,775
2024-08-21 19:47:27,847,7445,1470,1236,1311,38,4980,16,52,2465
2024-08-21 13:46:26,742,6307,1077,1096,1300,118,5443,1060,47,863
2024-08-21 07:46:21,817,6188,1171,1227,1321,39,4732,121,32,1455
2024-08-21 01:46:26,804,5471,1078,1239,1322,7,4499,-3,51,971
2024-08-20 18:25:41,769,7194,1569,1204,1320,120,5296,261,50,1898
2024-08-20 12:25:34,726,6285,1142,1151,1305,41,5400,984,47,884
2024-08-20 06:25:38,733,5524,1068,1219,1325,18,4410,-1,47,1113
2024-08-20 00:25:21,814,5853,1158,1240,1316,59,4635,-3,49,1217
2024-08-19 16:43:26,732,6671,1203,1099,1249,286,5505,885,48,1165
2024-08-19 10:30:32,554,6092,1052,1114,1281,54,5094,989,47,998
2024-08-19 04:29:38,683,4798,1016,1171,1340,31,4282,-3,42,515
2024-08-18 22:30:51,853,6163,1429,1187,1340,262,5111,-2,39,1052
2024-08-18 15:17:30,748,4899,648,1065,1342,379,5099,875,38,-199
2024-08-18 09:16:42,767,4786,976,1135,1336,91,4855,506,40,-68
2024-08-18 03:17:17,856,4958,1005,1206,1345,189,4639,-3,38,319
2024-08-17 19:55:34,792,6734,1739,1262,1339,559,5749,12,43,984
2024-08-17 13:57:30,781,5436,616,932,1345,600,5456,1137,41,-19
2024-08-17 07:55:37,802,5262,965,1156,1338,134,4610,168,44,652
2024-08-17 01:55:40,807,5284,1005,1188,1342,789,5176,-3,45,107
2024-08-16 19:25:21,930,7076,1615,1275,1325,944,6201,62,47,874
2024-08-16 13:25:35,884,5881,1007,1109,1298,721,6252,1195,39,-371
2024-08-16 07:26:29,979,5471,1034,1184,1334,140,4805,86,44,666
2024-08-16 01:26:47,937,5263,993,1202,1336,657,5164,-3,40,99
2024-08-15 19:08:25,933,6650,1427,1185,1337,1200,6242,115,43,408
2024-08-15 13:08:47,898,5107,938,1086,1329,422,5953,1235,43,-845
2024-08-15 07:09:29,981,5163,1020,1177,1335,520,5123,46,42,41
2024-08-15 01:08:52,985,5615,1041,1203,1329,746,5362,0,50,252
2024-08-14 18:56:33,1082,7423,1340,1174,1320,1132,6320,218,52,1103
2024-08-14 12:55:43,900,6129,1073,1152,1289,573,6275,1236,50,-145
2024-08-14 06:56:40,948,5602,1050,1297,1331,484,5178,17,46,424
2024-08-14 00:55:22,908,5673,1063,1226,1334,440,5017,-2,47,656
2024-08-13 18:29:19,949,7246,1180,1161,1324,688,5711,366,46,1534
2024-08-13 12:31:27,764,6045,1010,1024,1269,66,5393,1214,44,651
2024-08-13 06:30:28,825,5358,1003,1210,1332,418,4849,1,54,508
2024-08-13 00:30:28,892,5710,1048,1244,1316,863,5415,-3,53,294
2024-08-12 17:59:39,896,6824,1306,1149,1275,496,5758,598,55,1066
2024-08-12 11:59:36,679,5829,866,1059,1315,115,5254,1169,49,575
2024-08-12 06:01:35,731,4972,851,1220,1343,362,4555,-3,47,417
2024-08-11 23:59:41,718,5428,1412,1311,1337,222,5045,-3,46,383
2024-08-11 16:38:21,711,5013,774,813,1341,138,4673,856,44,340
2024-08-11 10:38:42,630,4323,468,868,1346,139,4453,955,44,-130
2024-08-11 04:38:31,722,4724,906,1275,1336,849,5134,-3,46,-409
2024-08-10 22:38:51,769,6197,1365,1277,1333,546,5342,-3,52,855
2024-08-10 15:47:15,676,5048,702,644,1327,385,4710,926,47,338
2024-08-10 09:48:18,634,5177,867,740,1331,313,4624,685,52,553
2024-08-10 03:47:26,741,4964,978,847,1326,319,4267,1,52,696
2024-08-09 21:48:37,818,6812,1601,1263,1316,211,5264,-2,55,1548
2024-08-09 14:46:46,696,6284,1138,1047,1318,264,5172,654,51,1112
2024-08-09 08:47:24,765,6288,1140,1216,1307,-8,4808,330,56,1479
2024-08-09 02:46:27,750,5175,1002,1246,1326,90,4469,-2,56,706
2024-08-08 19:39:18,816,6979,1510,1248,1301,282,5281,65,57,1697
2024-08-08 12:38:16,682,5691,774,1143,1259,-7,5136,1235,47,554
2024-08-08 06:38:43,722,5316,1055,1238,1333,8,4426,14,53,889
2024-08-08 00:39:16,771,5418,1134,1268,1333,21,4576,-3,49,842
2024-08-07 17:08:30,642,5859,866,1153,1312,71,4865,769,50,993
2024-08-07 11:08:18,631,5425,844,1178,1314,519,5600,1065,45,-174
2024-08-07 04:59:24,676,4888,935,1270,1340,965,5238,-3,51,-349
2024-08-06 22:59:30,660,5888,1306,1199,1321,509,5045,-3,51,843
2024-08-06 15:09:21,634,5634,879,1140,1279,385,5156,791,45,478
2024-08-06 09:08:26,688,6124,1123,1239,1303,146,4813,262,48,1310
2024-08-06 03:09:43,680,5169,1053,1263,1329,587,4960,-3,49,209
2024-08-05 20:00:30,813,7010,1634,1308,1317,191,5343,33,53,1667
2024-08-05 13:59:39,680,5911,942,1184,1313,8,5151,977,44,760
2024-08-05 07:59:24,770,5925,1290,1232,1321,43,4866,156,51,1059
2024-08-05 02:00:28,718,4837,987,1293,1326,405,4783,0,50,53
2024-08-04 18:59:21,854,5638,1356,850,1322,650,5262,183,45,376
2024-08-04 12:59:32,666,4708,773,676,1322,629,4943,828,46,-234
2024-08-04 06:59:17,682,4753,1027,749,1318,570,4427,29,50,325
2024-08-04 00:59:46,716,5334,1104,1177,1327,637,5013,-3,53,320
2024-08-03 18:38:44,671,6512,1194,1149,1300,1314,5986,302,53,526
2024-08-03 12:38:41,686,5600,692,827,1310,992,5461,901,51,138
2024-08-03 06:38:35,764,5274,1008,1201,1324,777,5139,8,52,135
2024-08-03 00:39:31,790,5859,1167,1301,1316,916,5539,-2,50,319
2024-08-02 18:39:19,1073,7223,1412,1204,1303,802,6080,227,56,1142
2024-08-02 12:38:48,781,6284,887,1201,1281,64,5398,1136,45,886
2024-08-02 06:38:37,876,5760,1065,1294,1325,245,4873,12,54,887
2024-08-02 00:38:18,782,5754,1084,1319,1321,1040,5598,-3,53,156
2024-08-01 18:17:25,786,6928,1695,1220,1317,505,6038,452,53,890
2024-08-01 12:17:38,783,5974,991,1204,1280,34,5484,1143,48,489
2024-08-01 06:17:51,831,5604,1028,1297,1315,108,4638,2,53,966
2024-08-01 00:16:28,819,5905,1169,1322,1310,384,5057,-2,52,848
2024-07-31 17:26:43,731,6299,1074,1225,1308,151,5306,763,50,993
2024-07-31 11:25:43,749,5659,866,922,1249,125,5147,1186,46,512
2024-07-31 05:17:35,786,5334,1167,1287,1317,370,4980,-2,54,354
2024-07-30 23:08:19,831,6464,1762,1343,1313,596,5911,6,52,553
2024-07-30 16:29:31,777,5960,848,919,1307,1343,6253,1007,50,-292
2024-07-30 10:16:31,762,5962,999,1236,1264,867,6085,905,48,-123
2024-07-30 04:17:42,774,5347,1123,1314,1320,1116,5690,-3,43,-342
2024-07-29 22:17:25,864,6983,1697,1326,1309,465,5716,-2,56,1266
2024-07-29 15:08:44,746,6068,908,1206,1270,204,5549,1161,52,519
2024-07-29 08:29:45,814,6352,1159,1211,1313,1150,6143,436,57,209
2024-07-29 02:29:22,832,5117,1091,1314,1308,711,5315,6,51,-197
2024-07-28 19:00:16,831,6250,1589,749,1307,472,5292,292,49,957
2024-07-28 13:00:46,761,4641,672,432,1308,42,4436,1166,51,205
2024-07-28 07:00:48,822,4787,1221,467,1307,50,3980,58,52,807
2024-07-28 00:59:27,920,5404,1615,978,1307,8,4882,-3,54,522
2024-07-27 17:29:41,765,5627,851,1197,1267,196,5070,736,54,557
2024-07-27 11:29:29,727,5053,846,1233,1299,362,5599,1078,51,-546
2024-07-27 05:29:15,873,5210,1269,1350,1301,925,5779,1,56,-568
2024-07-26 23:29:22,990,6173,1409,1355,1301,326,5436,-2,55,737
2024-07-26 16:16:23,894,6139,972,1255,1296,1013,6372,882,57,-232
2024-07-26 09:16:37,890,6178,907,1277,1262,1276,6327,654,59,-149
2024-07-26 02:38:31,891,5521,880,1315,1295,998,5434,-2,55,86
2024-07-25 15:25:38,964,6560,1201,1249,1156,115,5488,741,58,1072
2024-07-25 08:47:16,862,6610,1147,1186,979,180,4769,354,59,1840
2024-07-25 02:26:37,954,5621,1272,1307,662,154,4392,-2,45,1228
2024-07-24 19:08:27,1051,7174,1596,1237,651,160,4877,130,45,2296
2024-07-24 12:56:29,1062,7027,1234,1227,649,60,5201,924,43,1825
2024-07-24 06:55:25,1101,6057,1260,1265,653,451,4834,57,43,1222
2024-07-24 00:55:29,1012,6008,1298,1260,645,340,4607,-2,51,1401
2024-07-23 17:17:34,1012,7187,1357,1193,648,189,5196,737,56,1991
2024-07-23 08:38:30,1011,6696,1284,1178,662,358,5044,490,58,1652
2024-07-23 02:38:41,1056,5594,1185,1297,662,792,5046,-2,55,547
2024-07-22 18:59:48,1088,7457,1577,1245,650,337,5307,352,56,2149
2024-07-22 13:00:50,898,7034,1353,1200,648,257,5449,1042,49,1584
2024-07-22 06:59:37,858,5839,1106,1226,668,253,4223,57,52,1615
2024-07-22 00:59:27,1047,5477,1436,1312,665,141,4650,-2,48,826
2024-07-21 17:56:24,1005,6113,1482,1008,668,442,5041,384,44,1072
2024-07-21 11:55:25,911,5389,1084,865,666,-3,4356,785,46,1032
2024-07-21 05:55:44,999,5181,1168,1203,665,104,4186,-1,46,995
2024-07-20 23:56:33,1301,6253,1676,1235,665,351,5279,-1,50,973
2024-07-20 16:38:26,988,6280,1207,1147,657,224,4958,683,48,1322
2024-07-20 10:38:44,935,5832,942,1147,654,140,4751,879,51,1081
2024-07-20 04:38:32,1128,5675,1136,1289,656,934,5197,-2,54,477
2024-07-19 22:38:30,1217,7632,2089,1366,653,807,6185,-2,53,1446
2024-07-19 15:29:30,1150,7471,1329,1164,1311,844,6731,877,53,740
2024-07-19 09:30:18,1111,7251,1219,1168,1274,1392,6936,715,55,314
2024-07-19 03:25:45,1196,6034,1200,1240,1324,1490,6503,-1,52,-469
2024-07-18 21:27:40,1287,8389,3007,1340,1286,194,7198,0,52,1190
2024-07-18 14:29:36,1127,7767,1178,1136,1263,454,6229,1016,51,1538
2024-07-18 08:29:36,1143,7402,1410,1202,1313,280,5725,318,56,1677
2024-07-18 02:29:37,1123,6355,1236,1243,1314,494,5476,9,55,879
2024-07-17 20:27:20,1221,8537,2390,1268,1314,237,6536,18,56,2001
2024-07-17 13:26:23,1147,7966,1689,1156,1268,580,6969,1075,50,997
2024-07-17 07:25:19,1089,6918,1304,1218,1319,624,5744,132,55,1174
2024-07-17 01:27:44,1164,6508,1393,1313,1317,261,5505,-1,51,1003
2024-07-16 18:59:41,1158,8026,1999,1219,1312,286,6264,237,51,1761
2024-07-16 12:59:47,1099,7758,1449,1122,1307,428,6574,1120,45,1184
2024-07-16 07:00:35,1097,6588,1326,1273,1328,601,5750,71,50,837
2024-07-16 01:00:47,1112,6618,1717,1320,1327,60,5586,-2,50,1031
2024-07-15 18:59:36,1155,8360,2510,1231,1306,332,6826,235,55,1533
2024-07-15 13:00:21,1100,7467,1455,1180,1296,506,6817,1224,54,649
2024-07-15 07:00:27,1115,6263,1283,1241,1334,368,5479,80,55,784
2024-07-15 01:08:24,1004,5922,1352,1334,1330,52,5125,-1,52,797
2024-07-14 14:38:41,933,5759,1091,828,1334,275,5654,1141,49,105
2024-07-14 08:38:23,965,5259,1210,832,1333,7,4890,487,53,368
2024-07-14 02:29:38,1069,5701,1424,1274,1329,41,5193,2,52,507
2024-07-13 20:14:41,1025,7691,2382,1204,1331,247,6323,53,50,1368
2024-07-13 14:10:31,939,6273,1225,662,1338,258,5659,1184,50,613
2024-07-13 08:08:47,1002,5946,1255,765,1334,240,5019,368,52,927
2024-07-13 01:59:35,1048,6093,1387,1262,1329,190,5275,-1,56,818
2024-07-12 19:38:26,1059,8205,2332,1192,1327,394,6494,132,54,1710
2024-07-12 11:29:28,1006,7148,1554,1133,1329,141,6264,1044,55,883
2024-07-12 04:25:29,1103,5922,1504,1263,1327,252,5504,-1,54,417
2024-07-11 22:25:45,958,7980,3249,1246,1313,209,7031,-1,55,948
2024-07-11 11:26:40,929,7255,1403,1094,1297,715,6549,1056,53,705
2024-07-11 05:26:41,880,5845,1433,1175,1340,973,5855,-1,53,-9
2024-07-10 23:25:52,877,7080,1882,1222,1329,928,6293,0,54,786
2024-07-10 17:25:37,897,7551,2247,1107,1319,294,6628,707,53,923
2024-07-10 11:25:25,777,6836,1283,1082,1322,1012,6664,1134,51,172
2024-07-10 05:25:50,860,5643,1482,1169,1328,1132,6025,-1,52,-381
2024-07-09 23:25:19,936,7109,1878,1267,1331,955,6418,-1,51,690
2024-07-09 17:25:54,952,7318,1896,1129,1328,639,6709,710,52,608
2024-07-09 11:24:55,775,6698,1213,1077,1305,1026,6611,1161,50,86
2024-07-09 03:31:01,899,5494,1442,1223,1332,485,5432,1,47,61
2024-07-08 12:30:06,841,6540,1323,1115,1292,182,6019,1213,50,521
2024-07-08 05:29:51,941,5057,1178,1219,1316,113,4815,-1,47,242
2024-07-07 23:25:39,942,6237,1823,1263,1309,94,5475,-2,43,761
2024-07-07 17:25:46,785,5525,1161,680,1313,332,5107,794,39,417
2024-07-07 11:26:54,729,4522,952,576,1325,104,4835,1105,41,-313
2024-07-07 05:25:57,972,4973,1189,838,1323,85,4450,-2,42,523
2024-07-06 23:16:35,941,6361,1876,864,1321,249,5300,-1,48,1061
2024-07-06 17:17:59,777,5726,1300,736,1326,227,5255,836,49,471
2024-07-06 11:09:36,734,5123,1022,733,1327,370,5331,1094,49,-207
2024-07-06 05:08:29,830,5169,1492,795,1328,563,5054,-2,47,114
2024-07-05 22:59:22,898,6749,2068,1293,1329,282,5921,-1,50,828
2024-07-05 16:58:22,800,6251,1388,1158,1305,606,6046,731,55,204
2024-07-05 10:55:47,742,5777,1133,1171,1249,713,6058,995,51,-280
2024-07-05 04:55:48,807,5348,1228,1237,1317,718,5376,3,52,-28
2024-07-04 22:56:07,840,6463,2103,1291,1314,310,5910,-1,51,552
2024-07-04 16:56:25,827,6342,1409,1159,1254,179,5434,551,50,907
2024-07-04 10:55:38,744,5960,1295,973,1274,192,5253,720,52,706
2024-07-04 04:57:57,883,5440,1440,1230,1325,145,5074,-2,50,365
2024-07-03 22:56:54,780,6562,2093,1227,1310,365,5827,-1,49,735
2024-07-03 16:53:35,797,6698,1442,1153,1318,269,5405,376,48,1292
2024-07-03 10:47:51,965,6892,1713,1192,1294,52,5622,355,48,1269
2024-07-03 04:46:56,947,5559,1686,1127,1327,613,5745,-2,45,-186
2024-07-02 22:47:00,885,6782,1991,1189,1311,1203,6622,-2,43,160
2024-07-02 16:48:01,986,7387,1619,1142,1294,1811,7340,445,41,47
2024-07-02 09:16:38,938,6852,1649,1107,1306,571,6022,409,35,830
2024-07-02 03:16:46,947,5603,1146,1256,1322,1022,5724,-2,31,-121
2024-07-01 21:17:32,950,7877,2129,1223,1318,1211,6891,-1,33,986
2024-07-01 15:17:26,942,6981,1410,1132,1311,718,6543,991,36,438
2024-07-01 09:18:15,956,6796,1973,822,1299,117,5862,657,34,933
2024-07-01 03:17:35,874,5121,1086,1218,1340,325,4876,-2,29,245
2024-06-30 21:17:06,917,6701,2671,1248,1330,673,6871,1,31,-170
2024-06-30 15:16:07,754,5228,1110,909,1326,506,5561,926,29,-333
2024-06-30 09:16:11,757,4832,1232,940,1261,274,5171,677,31,-339
2024-06-30 03:17:16,925,5139,1808,1258,965,204,5189,-2,31,-50
2024-06-29 21:19:20,940,6709,2478,1258,967,102,5777,0,32,932
2024-06-29 12:26:22,762,5352,1223,726,680,409,4989,1153,33,362
2024-06-29 06:25:29,891,5214,1642,802,681,545,4618,26,32,596
2024-06-29 00:25:35,1186,6220,2730,1310,671,41,5969,-2,33,251
2024-06-28 18:25:06,1154,7215,2017,1157,667,796,6259,431,38,955
2024-06-28 12:26:06,1072,6273,1755,1141,668,46,5890,1175,33,383
2024-06-28 06:08:11,1149,5813,1774,1223,675,36,4912,19,34,900
2024-06-28 00:08:17,1155,6223,2398,1301,668,118,5680,-2,34,544
2024-06-27 18:08:23,1141,7139,2149,1193,668,616,6256,454,36,883
2024-06-27 11:39:06,1141,6645,1877,1190,623,392,6114,853,38,531
2024-06-27 05:29:15,1093,5587,1700,1263,676,106,4874,-2,37,713
2024-06-26 23:25:25,1285,6558,2431,1261,677,490,6183,-2,39,375
2024-06-26 17:25:31,1296,7108,1863,1204,676,618,6326,630,37,783
2024-06-26 10:38:25,1117,6474,1923,1186,648,101,5860,848,37,614
2024-06-26 04:38:31,1115,5447,1665,1184,677,620,5296,-2,36,151
2024-06-25 22:38:06,1211,7101,3321,1230,666,226,6691,-1,38,410
2024-06-25 16:38:06,1186,6947,1982,1105,641,339,5916,628,36,1031
2024-06-25 10:38:06,1053,6401,1804,1055,645,388,5867,889,34,534
2024-06-25 04:38:06,961,4997,1706,1110,681,819,5310,-2,34,-313
2024-06-24 22:38:06,815,6477,2477,1117,687,257,5385,-2,35,1092
2024-06-24 16:38:08,680,5664,1549,606,686,638,4947,752,37,718
2024-06-24 10:38:14,757,5083,1418,586,688,350,4730,895,36,353
2024-06-24 04:38:20,776,4790,1534,688,686,304,4018,-2,32,773
2024-06-23 22:38:26,784,6008,2409,701,687,319,4929,-2,30,1079
2024-06-23 16:29:05,764,5139,1477,594,689,393,4697,749,30,442
2024-06-23 10:25:05,745,4529,1328,623,688,5,4224,801,33,305
2024-06-23 04:25:05,777,4971,1563,1082,686,377,4515,-2,32,457
2024-06-22 22:25:05,817,6880,2539,1122,687,783,5977,-2,32,903
2024-06-22 16:25:10,662,5781,1591,768,684,288,4945,919,33,836
2024-06-22 10:25:16,737,5524,1652,793,686,56,4871,912,36,653
2024-06-22 04:25:22,837,5544,1771,1108,685,77,4510,-2,33,1035
2024-06-21 22:25:28,1235,7510,2626,1142,672,433,6143,-1,35,1366
2024-06-21 16:25:34,970,6626,1706,1000,672,190,5489,915,36,1136
2024-06-21 10:25:05,988,6316,1960,1074,635,111,5653,852,32,663
2024-06-21 04:25:05,975,5524,1595,1112,689,1029,5430,-2,32,94
2024-06-20 22:25:05,1032,7402,2667,1154,677,1458,7022,-2,36,379
2024-06-20 16:16:08,993,7074,1749,964,676,699,5951,839,31,1124
2024-06-20 10:17:22,887,6672,1805,1016,644,207,5446,855,32,1226
2024-06-20 04:16:22,963,5465,1585,1088,682,606,4954,-2,32,511
2024-06-19 22:17:25,999,7534,2338,1069,685,1188,6309,-1,31,1225
2024-06-19 16:16:32,846,6593,1883,964,685,333,5655,916,30,937
2024-06-19 09:17:38,682,6463,2127,1043,684,29,5295,694,33,1168
2024-06-19 03:17:44,778,5421,1784,1078,680,134,4485,-2,33,935
2024-06-18 21:17:50,903,7567,2820,1150,675,147,5731,0,37,1836
2024-06-18 15:09:22,733,6312,1663,992,667,392,5486,1003,36,825
2024-06-18 09:08:22,880,6360,2174,1060,622,153,5564,640,34,796
2024-06-18 03:08:22,908,5497,1994,1106,683,95,4825,-2,36,672
2024-06-17 21:08:24,937,7198,2951,1141,672,198,5944,1,40,1254
2024-06-17 15:08:30,895,6066,1727,1003,652,130,5366,918,41,699
2024-06-17 09:08:36,856,6136,2060,1059,687,19,5362,640,40,773
2024-06-17 03:10:40,865,4798,1724,1095,688,251,4665,-1,37,133
2024-06-16 20:59:22,875,6054,2731,1110,689,20,5465,2,37,590
2024-06-16 14:46:23,710,4202,1352,219,688,306,4297,985,36,-95
2024-06-16 08:46:23,691,4302,1471,240,691,174,3873,570,37,429
2024-06-16 02:38:37,931,4763,1889,308,688,523,4374,-2,37,389
2024-06-15 20:38:43,931,6090,2697,324,688,447,5132,10,37,958
2024-06-15 14:38:49,687,4690,1313,210,684,1379,5248,933,37,-557
2024-06-15 08:38:22,708,5126,1496,224,691,2120,5781,508,35,-655
2024-06-15 02:38:22,810,5071,1532,290,688,2364,5720,-2,39,-650
2024-06-14 20:38:22,655,6558,2216,1182,686,1617,6439,26,56,119
2024-06-14 14:29:23,776,6095,1653,1116,684,422,5406,701,54,689
2024-06-14 08:25:33,877,6433,1935,1132,684,387,5251,177,60,1182
2024-06-14 02:17:47,893,5281,1546,1162,680,998,5336,-2,58,-55
2024-06-13 20:16:22,898,7087,2459,1168,680,923,6217,32,57,870
2024-06-13 14:16:22,741,6158,1612,1084,684,774,5814,862,54,344
2024-06-13 08:16:22,891,6553,2200,1157,686,300,5576,288,55,977
2024-06-13 02:16:23,926,5497,1851,1165,674,146,4814,-2,53,683
2024-06-12 20:17:22,949,7329,2641,1203,669,196,5742,31,54,1587
2024-06-12 14:16:25,941,6787,2241,1057,650,159,5758,661,50,1029
2024-06-12 08:17:30,697,6373,1837,1107,682,981,5779,419,53,595
2024-06-12 02:17:36,907,5447,1637,1134,683,663,5075,-2,51,373
2024-06-11 20:18:41,933,7281,2522,1175,671,663,6062,45,53,1219
2024-06-11 14:17:48,873,6607,1734,1035,653,560,5786,881,50,821
2024-06-11 08:17:22,962,6671,2169,1129,686,494,5847,353,54,824
2024-06-11 02:16:23,867,5432,1540,1123,685,1913,6178,-2,51,-746
2024-06-10 20:13:23,978,7465,2370,1128,669,1744,6981,38,53,484
2024-06-10 14:09:22,923,6424,1907,1075,664,745,6213,848,50,211
2024-06-10 04:29:22,884,5011,1495,1142,683,1499,5750,-2,48,-739
2024-06-09 19:17:32,937,5784,2070,1075,683,1013,5977,152,47,-193
2024-06-09 13:16:39,723,4757,1141,663,686,479,4551,810,49,206
2024-06-09 07:16:45,888,4693,1517,551,682,49,3882,148,47,811
2024-06-09 01:16:51,945,5146,1956,741,683,166,4541,-2,48,605
2024-06-08 19:16:22,953,6108,2410,758,685,153,5186,181,47,922
2024-06-08 13:16:22,761,5320,1339,616,686,292,4646,898,51,673
2024-06-08 07:16:22,906,5251,1925,1099,680,73,4878,147,48,373
2024-06-08 01:17:22,946,5659,1827,1143,680,309,4957,-2,49,702
2024-06-07 19:17:22,1076,6965,2449,1025,676,560,5999,160,53,965
2024-06-07 11:24:22,979,5803,1732,964,643,16,5465,1079,51,338
2024-06-07 05:25:27,990,5316,1631,1114,678,4,4469,-1,53,847
2024-06-06 23:25:33,1082,6304,2458,1183,671,77,5523,-2,54,781
2024-06-06 17:26:38,846,6142,1827,1070,664,283,5425,685,49,717
2024-06-06 11:25:45,960,5650,1719,849,666,78,5368,1045,51,282
2024-06-06 05:26:50,973,5346,1635,1146,686,548,5040,-1,54,306
2024-06-05 23:25:22,1037,6178,2607,1212,686,129,5722,-2,52,456
2024-06-05 17:25:22,1091,6196,2282,1078,687,174,5963,594,51,233
2024-06-05 11:27:22,857,5725,1775,826,683,222,5388,977,49,337
2024-06-05 05:27:22,700,5248,1141,1150,685,1215,4939,-1,50,310
2024-06-04 23:25:22,957,6027,2593,1210,679,170,5658,-2,51,368
2024-06-04 17:25:28,903,6198,2130,1060,678,445,5815,548,51,382
2024-06-04 11:25:34,785,5869,1776,826,673,569,5498,816,49,371
2024-06-04 05:26:39,870,5040,1629,1120,685,761,5108,-2,45,-69
2024-06-03 23:25:46,783,6022,2188,1149,681,1005,5858,-2,49,164
2024-06-03 17:27:50,952,6384,2203,1089,669,872,6166,330,49,218
2024-06-03 09:59:26,852,5832,1979,765,640,23,5032,727,47,800
2024-06-03 03:59:32,908,4605,1609,777,691,407,4432,-2,42,173
2024-06-02 21:59:04,784,5901,2178,750,692,1084,5530,-2,39,371
2024-06-02 15:59:04,729,4195,907,640,691,1184,4988,791,46,-793
2024-06-02 09:59:04,741,4145,1201,667,693,214,4281,720,45,-136
2024-06-02 04:00:03,839,4537,1571,745,691,388,4282,-2,49,255
2024-06-01 21:59:03,906,6225,2393,765,695,946,5753,-1,49,472
2024-06-01 15:59:09,763,4767,1249,544,691,501,4566,769,48,200
2024-06-01 09:46:28,914,5060,2036,681,690,113,5084,602,48,-24
2024-06-01 03:48:32,921,4968,1645,743,693,722,4774,-2,51,195
2024-05-31 21:38:03,1026,6787,2479,815,693,842,5904,-2,51,883
2024-05-31 15:29:04,847,5606,1540,679,680,788,5466,882,49,140
2024-05-31 09:29:10,956,5893,1876,719,681,38,5051,729,53,842
2024-05-31 03:25:20,982,4995,1475,747,695,552,4500,-2,51,495
2024-05-30 21:25:26,1023,6839,2308,791,682,506,5364,-1,55,1475
2024-05-30 15:27:30,985,5647,1566,586,660,102,4657,704,54,990
2024-05-30 06:46:20,1034,5622,1856,740,686,22,4428,41,50,1194
2024-05-30 00:46:26,1016,5357,2055,738,686,119,4655,-2,43,702
2024-05-29 18:40:02,985,6345,2414,733,683,325,5366,180,45,980
2024-05-29 12:38:02,959,5915,1521,602,655,243,4623,596,43,1291
2024-05-29 06:29:02,1012,5432,1919,383,681,69,4125,20,42,1307
2024-05-29 00:29:08,1017,5505,2123,359,684,77,4305,-2,47,1200
2024-05-28 18:26:17,859,6099,1887,355,687,249,4448,354,56,1651
2024-05-28 12:26:23,973,5824,1563,319,688,41,4516,878,54,1308
2024-05-28 06:17:02,1018,5469,1683,358,686,260,4063,7,50,1407
2024-05-28 00:17:02,980,5457,1941,360,686,570,4587,-2,52,870
2024-05-27 18:17:02,1017,6246,2227,365,685,445,5026,230,56,1220
2024-05-27 12:17:02,962,5745,1454,257,688,1354,5623,854,53,122
2024-05-27 06:08:12,810,5057,1241,267,685,1441,4514,10,53,543
2024-05-27 00:09:17,976,5123,1935,291,685,515,4455,-2,56,668
2024-05-26 18:08:24,713,4891,1423,227,689,727,4373,542,52,518
2024-05-26 12:07:31,621,3711,975,228,687,625,4286,1097,52,-575
2024-05-26 06:08:02,695,4475,1536,274,681,708,3957,9,50,517
2024-05-26 00:08:02,719,5316,1899,280,688,511,4149,-1,53,1167
2024-05-25 18:09:02,737,5436,1831,263,686,1368,5338,403,49,98
2024-05-25 12:08:02,627,4739,1207,267,688,1941,5866,1081,51,-1128
2024-05-25 06:08:02,791,4969,1543,247,684,1503,4828,6,54,141
2024-05-25 00:09:06,990,5568,2007,262,680,862,4852,-1,52,716
2024-05-24 18:08:13,1008,6181,1838,304,683,1716,6026,421,56,155
2024-05-24 11:59:28,1028,5328,1447,248,685,1311,5845,1073,53,-517
2024-05-24 05:55:02,920,5290,1499,243,681,1263,4663,1,55,627
2024-05-23 23:56:02,1037,5698,2079,306,682,373,4529,-2,55,1169
2024-05-23 17:55:02,1035,6166,1577,292,679,193,4216,387,54,1950
2024-05-23 11:55:02,923,6237,1702,266,683,198,4384,555,57,1853
2024-05-23 05:46:12,971,5213,1519,261,686,47,3533,-1,50,1680
2024-05-22 23:46:18,932,5826,1871,614,675,138,4281,-2,52,1545
2024-05-22 17:37:02,882,6044,1628,618,675,394,4753,506,49,1291
2024-05-22 11:29:02,889,5866,1615,620,665,288,4856,735,46,1010
2024-05-22 05:16:07,964,5282,1506,616,692,329,4156,-2,51,1126
2024-05-21 23:16:13,1005,5864,2137,669,690,422,4980,-2,55,883
2024-05-21 17:16:19,880,5520,1386,607,688,632,4978,727,57,542
2024-05-21 11:17:24,900,5109,1179,630,658,602,5074,1051,53,35
2024-05-21 05:16:31,957,5171,1489,609,685,287,4077,-2,54,1094
2024-05-20 23:17:02,1000,6040,2652,714,674,283,5379,-2,54,661
2024-05-20 17:16:02,863,5964,1867,659,659,645,5231,482,56,733
2024-05-20 11:16:02,565,5745,1251,635,666,1033,4949,745,55,796
2024-05-20 05:17:02,581,4741,1521,653,689,340,3838,-3,51,903
2024-05-19 23:16:02,641,5369,2599,709,688,658,5349,-2,52,20
2024-05-19 17:17:07,627,4648,1732,324,682,425,4341,502,51,307
2024-05-19 11:16:14,684,4500,1792,249,692,354,4510,688,51,-10
2024-05-19 05:16:20,692,4790,1688,296,1359,190,4279,-2,53,511
2024-05-18 23:17:25,678,5875,2986,308,1365,615,6002,-1,51,-127
2024-05-18 17:16:32,624,5324,1703,242,1366,697,5325,645,47,-1
2024-05-18 08:16:02,656,5664,2084,314,1368,517,5178,198,42,486
2024-05-17 20:15:02,898,6789,2409,662,1334,452,5813,9,49,977
2024-05-17 09:55:25,745,6434,1659,648,1311,621,5508,475,49,927
2024-05-17 03:55:31,894,5161,1492,604,1363,75,4472,-2,46,689
2024-05-16 15:16:23,786,5447,1399,452,1288,113,5105,998,51,342
2024-05-16 09:17:28,710,5973,1734,655,1320,174,5369,728,49,605
2024-05-16 03:17:02,889,5298,1489,620,1361,140,4543,-3,47,755
2024-05-15 21:16:02,931,7143,2646,710,1354,343,6030,-1,43,1113
2024-05-15 15:16:02,749,5581,1563,635,1346,198,5357,822,44,224
2024-05-15 09:17:02,799,6245,2217,702,1368,265,6004,607,44,241
2024-05-15 03:17:02,638,5338,1459,628,1364,709,4845,-2,49,494
2024-05-14 21:08:14,562,7209,2458,658,1359,811,5899,-2,48,1310
2024-05-14 15:08:20,552,5436,1516,628,1357,435,5405,871,48,31
2024-05-14 09:08:26,535,5942,1677,631,1350,209,5094,643,50,848
2024-05-14 03:09:31,643,5122,1441,632,1363,758,4884,-2,48,238
2024-05-13 21:08:02,653,7121,2881,692,1356,117,5747,-1,47,1373
2024-05-13 14:55:02,573,5304,1424,284,1335,592,5142,883,49,162
2024-05-13 08:29:30,559,6144,1793,222,1362,474,4791,321,59,1353
2024-05-13 02:30:02,677,4641,1474,258,1357,203,4024,-2,57,617
2024-05-12 14:46:31,503,4414,1074,195,1359,469,4456,801,56,-43
2024-05-12 08:38:02,607,4730,1534,214,1358,599,4602,231,58,128
2024-05-12 02:38:02,625,4722,1422,222,1357,1073,4753,-2,56,-31
2024-05-11 20:29:07,625,6235,2499,289,1361,410,5232,0,48,1003
2024-05-11 14:27:15,613,4772,1694,210,1361,211,5092,944,58,-320
2024-05-11 08:25:23,645,5281,1715,239,1356,207,4617,398,57,664
2024-05-11 02:25:29,637,5162,1671,235,1357,511,4467,-2,57,695
2024-05-10 20:26:02,636,6554,2518,514,1350,270,5346,4,53,1209
2024-05-10 13:38:29,407,5037,1182,229,1334,1141,5435,1083,59,-398
2024-05-10 07:38:35,534,6050,1925,295,1359,916,5219,133,57,830
2024-05-10 01:38:41,516,5333,1997,284,1348,371,4569,-2,55,764
2024-05-09 12:47:45,629,6361,2225,278,1289,647,5558,432,57,803
2024-05-09 06:47:17,679,5693,2260,298,1352,898,5541,3,50,151
2024-05-09 00:47:17,623,5301,2339,368,1340,669,5384,-2,48,-84
2024-05-08 18:47:17,660,6495,3089,438,1339,448,6083,53,55,412
2024-05-08 12:47:17,661,6209,1648,434,1312,955,5653,589,54,557
2024-05-08 06:46:17,649,5624,1680,434,1345,963,5154,31,53,470
2024-05-07 20:59:17,560,6745,2490,391,1202,485,5170,-1,43,1574
2024-05-07 14:59:20,495,5204,1598,386,971,489,4743,761,44,461
2024-05-07 08:57:28,420,5167,1927,377,980,253,4500,495,48,667
2024-05-07 02:48:43,447,4076,1280,376,729,1252,4118,-2,38,-42
2024-05-06 20:46:17,497,5098,2343,394,667,1543,5484,-2,42,-385
2024-05-06 14:47:17,445,3151,843,369,663,826,4236,1045,38,-1085
2024-05-06 08:47:17,420,3666,1516,361,662,691,4166,473,43,-500
2024-05-06 02:47:17,434,3914,1441,355,660,1361,4291,-3,42,-377
2024-05-05 20:38:24,442,4691,1772,372,666,1147,4446,4,43,245
2024-05-05 14:38:30,418,2902,691,345,662,87,3201,960,39,-299
2024-05-05 08:25:17,467,3677,1843,375,666,8,3726,323,43,-48
2024-05-05 02:27:17,504,4210,1596,416,668,283,3509,-2,45,701
2024-05-04 20:25:17,505,5672,2385,394,669,1460,5461,0,47,212
2024-05-04 14:25:17,486,4648,1415,363,667,2162,5917,780,44,-1269
2024-05-04 08:25:17,501,4686,2598,439,672,432,4953,266,45,-267
2024-05-04 02:25:20,513,4408,1816,435,668,225,3699,-2,44,709
2024-05-03 20:25:26,519,5789,2569,401,667,140,4343,-1,49,1446
2024-05-03 14:25:32,465,4768,1804,376,674,373,4253,515,46,516
2024-05-03 08:25:38,452,4875,2372,376,667,134,4192,144,48,682
2024-05-03 02:17:16,511,4544,1693,383,660,521,3812,-3,46,732
2024-05-02 20:08:16,506,6031,2706,399,661,114,4429,5,37,1602
2024-05-02 13:57:25,438,4986,1433,361,663,812,4462,708,49,525
2024-05-02 07:57:31,457,5102,1944,387,672,1260,4914,144,48,188
2024-05-02 01:56:38,500,4693,1828,412,672,730,4186,-2,47,507
2024-05-01 19:57:43,559,5865,2895,447,670,588,5220,14,42,645
2024-05-01 13:47:16,413,4575,1133,363,675,780,4330,922,46,245
2024-05-01 07:47:16,549,5090,2679,389,670,1386,5900,178,49,-811
2024-05-01 01:47:16,574,5021,2261,443,668,1532,5523,-2,48,-502
2024-04-30 19:46:19,656,6321,2857,412,1336,1372,6734,41,53,-412
2024-04-30 13:48:23,591,5620,2028,423,1321,2449,7595,730,54,-1975
2024-04-30 07:47:30,528,6185,2715,399,1370,2141,7320,107,55,-1135
2024-04-30 01:47:36,629,5056,2124,436,1355,1575,6168,-2,52,-1112
2024-04-29 19:47:42,624,6518,2606,398,1339,1334,6391,37,53,127
2024-04-29 13:47:16,502,5333,1431,390,1274,1829,6507,1024,57,-1174
2024-04-29 07:46:16,511,5913,2233,372,1383,1890,6599,157,51,-685
2024-04-29 01:47:16,661,4756,1917,434,1386,695,5143,-2,52,-387
2024-04-28 19:47:16,627,5354,2358,389,1386,129,4964,23,51,391
2024-04-28 13:48:16,468,3717,515,343,1384,561,4303,983,48,-586
2024-04-28 07:47:19,502,4733,1810,377,1390,1086,5416,198,53,-683
2024-04-28 01:47:25,631,4881,1804,424,1386,179,4474,-2,52,407
2024-04-27 19:46:32,652,6056,2493,405,1378,54,5072,30,54,984
2024-04-27 13:47:37,596,4850,1433,375,1346,34,4846,999,54,3
2024-04-27 07:46:44,629,5350,1822,460,1383,23,4535,165,53,816
2024-04-27 01:46:16,657,5354,1854,462,1375,15,4414,-1,52,941
2024-04-26 19:47:16,657,6749,2688,431,1367,63,5298,39,49,1450
2024-04-26 13:46:16,714,5860,1901,381,1299,607,5997,1040,55,-137
2024-04-26 07:47:16,643,6515,2370,390,1378,682,5652,130,56,863
2024-04-26 01:47:16,698,5436,1544,389,1372,1216,5272,-2,55,165
2024-04-25 19:47:20,761,7178,2544,411,1359,336,5504,32,55,1674
2024-04-25 13:46:27,592,6788,1814,370,1339,458,5087,461,53,1701
2024-04-25 07:46:33,731,6783,2209,396,1390,187,5041,71,56,1742
2024-04-25 01:47:38,704,5483,1661,443,1378,338,4577,-2,54,906
2024-04-24 19:47:44,796,6891,2473,422,1372,594,5738,21,56,1153
2024-04-24 13:47:15,689,5966,1786,389,1334,868,6002,880,56,-36
2024-04-24 07:47:15,761,6952,2427,462,1392,896,6057,63,56,894
2024-04-24 01:46:15,735,5435,1634,454,1390,1888,6155,-1,56,-721
2024-04-23 19:47:15,812,7262,2545,469,1393,1755,7030,1,56,232
2024-04-23 13:48:15,777,6875,2315,458,1378,879,6315,450,57,560
2024-04-23 07:47:21,810,6827,2500,474,1398,336,5673,99,55,1154
2024-04-23 01:47:27,675,5574,2080,462,1364,92,4726,-2,55,848
2024-04-22 19:47:33,724,7038,2786,480,1358,248,5681,25,56,1356
2024-04-22 13:48:38,671,6840,2873,474,1331,523,6398,470,56,442
2024-04-22 07:48:44,640,6775,3471,482,1383,208,6267,29,54,508
2024-04-22 01:47:15,661,4828,2315,459,1376,620,5483,-1,53,-655
2024-04-21 19:46:15,673,5792,2193,419,1385,1071,5813,11,61,-21
2024-04-21 13:46:15,620,4331,1079,368,1381,263,4602,822,63,-271
2024-04-21 07:46:15,733,4896,1853,416,1381,982,5565,138,62,-670
2024-04-21 01:47:16,700,4942,1667,399,1381,1498,5706,-2,63,-764
2024-04-20 19:48:21,852,6300,2465,451,1385,1789,7014,18,56,-714
2024-04-20 13:46:29,664,4967,1703,393,1386,1508,6582,881,48,-1616
2024-04-20 07:47:34,650,5537,2083,423,1386,1199,5928,136,51,-391
2024-04-20 01:47:40,761,5380,1981,423,1375,145,4733,-2,51,647
2024-04-19 19:47:14,800,6819,2743,473,1365,247,5697,19,51,1121
2024-04-19 13:46:14,735,5923,1913,429,1309,17,5239,783,52,683
2024-04-19 07:48:14,809,6595,2542,466,1378,250,5645,149,51,950
2024-04-19 01:46:14,657,5427,1906,415,1374,803,5205,-2,52,221
2024-04-18 19:46:14,773,6990,2681,431,1356,1300,6608,14,52,382
2024-04-18 13:46:18,590,6378,1855,388,1353,1300,6070,532,52,308
2024-04-18 07:46:24,816,6689,2966,465,1380,844,6553,31,51,136
2024-04-18 01:48:28,767,5298,2485,468,1367,325,5463,-2,52,-165
2024-04-17 19:46:36,820,7051,2996,491,1365,384,6122,14,53,929
2024-04-17 13:47:41,741,6832,1971,462,1354,965,5856,311,54,976
2024-04-17 07:46:14,831,6559,3324,489,1378,278,6433,76,53,126
2024-04-17 01:47:14,747,5333,1809,424,1382,1557,5968,-2,50,-636
2024-04-16 19:46:14,753,6818,2636,439,1377,1061,6336,19,52,482
2024-04-16 13:47:14,713,5787,1942,431,1363,1398,6861,962,53,-1074
2024-04-16 07:47:14,759,6382,2517,419,1371,1275,6491,95,54,-109
2024-04-16 01:47:18,623,5154,1571,402,1370,1577,5600,0,51,-446
2024-04-15 19:46:25,781,6769,2685,461,1357,1499,6848,13,52,-80
2024-04-15 13:47:30,501,5491,1904,390,1374,857,6177,1096,54,-685
2024-04-15 07:46:37,697,6316,2477,460,1381,128,5336,138,53,981
2024-04-15 01:46:43,506,4696,1739,402,1378,1143,5219,-2,51,-524
2024-04-14 19:46:14,633,5628,2297,399,1386,964,5747,13,51,-120
2024-04-14 13:46:14,376,3945,778,322,1379,111,3979,959,53,-34
2024-04-14 07:47:14,413,4762,1725,375,1391,170,4246,122,50,516
2024-04-14 01:46:14,572,4830,1562,377,1385,123,4065,-3,48,764
2024-04-13 19:47:14,612,6091,2296,375,1386,38,4773,13,48,1318
2024-04-13 13:46:20,375,4604,1077,341,1388,214,4433,989,49,172
2024-04-13 07:47:25,595,5293,1953,411,1385,327,4826,108,48,467
2024-04-13 01:47:31,701,5222,1601,444,1383,622,4808,-2,59,414
2024-04-12 19:46:38,692,6686,2549,467,1371,597,5751,15,60,935
2024-04-12 13:46:44,472,5297,1257,382,1363,1041,5666,1101,59,-369
2024-04-12 07:46:14,677,6369,2340,532,1390,1542,6646,103,61,-277
2024-04-12 01:47:14,664,5169,1927,559,1386,1295,5888,-3,58,-719
2024-04-11 19:47:14,701,6688,2770,554,1363,507,5971,13,56,716
2024-04-11 12:58:14,474,5293,1356,434,1356,858,5707,1164,58,-414
2024-04-11 06:46:16,510,5754,1779,468,1385,1485,5685,1,58,69
2024-04-11 00:38:30,647,5452,2053,475,1379,32,4642,-2,58,810
2024-04-10 18:38:36,597,6294,2642,456,1374,158,5554,258,65,740
2024-04-10 12:38:42,492,5192,1883,447,1353,209,5620,1173,64,-429
2024-04-10 06:29:14,628,5616,2009,457,1381,277,4812,-1,62,804
2024-04-10 00:29:14,513,5276,1960,477,1378,202,4588,-2,61,688
2024-04-09 18:29:14,578,6098,2433,464,1370,354,5532,267,65,566
2024-04-09 12:30:15,477,5116,1277,435,1336,198,4868,1076,63,248
2024-04-09 06:24:27,640,5650,2065,494,1374,226,4860,-2,61,790
2024-04-09 00:24:33,509,5384,2129,490,1361,261,4809,-2,61,574
2024-04-08 18:26:37,510,6127,2426,483,1360,272,5427,311,66,699
2024-04-08 11:59:14,474,5240,1649,458,1343,64,5123,1071,63,117
2024-04-08 05:59:17,647,5110,2058,503,1387,84,4741,-2,64,368
2024-04-07 23:47:35,646,5028,2322,502,1388,59,4978,-2,63,50
2024-04-07 17:31:14,508,4527,1258,456,1393,212,4429,540,62,98
2024-04-07 11:26:14,469,3973,813,446,1390,632,4612,800,62,-639
2024-04-07 05:24:17,533,4688,1370,470,1388,767,4591,-2,66,97
2024-04-06 21:39:14,757,6405,2543,503,1385,814,6065,-1,64,339
2024-04-06 11:38:21,579,5229,2099,475,1379,24,5388,768,64,-159
2024-04-06 00:55:15,623,5422,2104,505,1375,162,4831,-2,63,592
2024-04-05 13:47:34,541,5609,1342,464,1359,76,4784,936,65,825
2024-04-05 06:29:14,553,6015,2206,542,1382,348,5089,-2,60,926
2024-04-05 00:29:14,640,5621,2102,593,1374,314,5081,-2,60,540
2024-04-04 18:29:14,623,6440,2690,597,1356,207,5679,143,63,762
2024-04-04 12:00:14,523,6037,2163,533,1290,30,5214,618,57,822
2024-04-04 05:55:12,585,5390,2072,550,1393,145,4810,-2,66,580
2024-04-03 23:55:12,544,5691,2251,564,1382,613,5416,-2,65,274
2024-04-03 17:55:12,541,6066,2123,552,1379,1342,6369,368,65,-303
2024-04-03 11:46:25,515,5413,1661,540,1347,626,5797,1043,65,-384
2024-04-03 05:46:31,580,5380,1964,581,1399,683,5271,-1,66,109
2024-04-02 23:47:36,607,5582,2142,580,1396,987,5777,-1,66,-195
2024-04-02 17:47:42,518,5951,1285,561,1397,2493,6684,362,67,-733
2024-04-02 11:27:12,496,5891,1462,545,1335,1831,6462,724,69,-570
2024-04-02 05:25:17,546,5017,1311,574,1392,583,4469,-1,65,548
2024-04-01 23:26:22,522,5638,1774,571,1368,1501,5798,-1,64,-161
2024-04-01 17:25:29,549,5829,1602,545,1269,383,4767,350,66,1062
2024-04-01 11:25:35,520,5422,1715,543,1360,185,5263,875,64,159
2024-04-01 05:25:41,537,4803,1620,627,1394,451,4689,-2,62,114
2024-03-31 23:25:11,610,5167,1861,649,1391,1023,5597,-2,67,-431
2024-03-31 10:54:31,427,4413,1038,956,1394,99,4667,690,64,-254
2024-03-31 04:55:36,542,4678,1719,1031,1391,788,5535,0,65,-856
2024-03-30 21:55:42,519,6184,2146,1050,1393,1898,7073,0,66,-889
2024-03-30 14:59:45,492,4678,1080,990,1397,1483,6452,944,66,-1773
2024-03-30 08:24:28,549,5370,2165,1113,1394,265,5964,412,67,-594
2024-03-30 00:47:28,598,5363,1681,1182,1388,430,5340,-2,63,22
2024-03-29 16:12:55,541,5686,1534,1114,1381,1240,6534,653,69,-848
2024-03-29 10:08:28,546,5595,1320,1119,1324,1150,6526,1000,66,-930
2024-03-29 04:08:28,629,5368,1525,1160,1387,1032,5798,-2,66,-430
2024-03-28 22:08:28,649,6682,2423,1536,1380,1042,7094,-1,66,-413
2024-03-28 16:09:28,538,6107,1569,1219,1327,2356,7662,583,70,-1555
2024-03-28 10:08:30,676,6944,2482,1297,1336,1412,7606,331,71,-662
2024-03-28 04:08:36,641,5457,1584,1433,1385,1969,7083,-2,70,-1626
2024-03-27 22:08:42,642,6838,2463,1661,1381,2135,8349,-1,67,-1510
2024-03-27 16:08:48,541,6396,1768,1448,1379,2392,8027,430,69,-1632
2024-03-27 10:09:53,625,6934,2015,1350,1340,2000,7845,446,68,-911
2024-03-27 04:08:28,635,5498,1726,1594,1381,1499,6901,-1,67,-1403
2024-03-26 22:07:28,632,6788,2359,1697,1383,1175,7311,-1,66,-523
2024-03-26 16:08:28,545,6212,1998,1486,1391,143,6286,654,69,-74
2024-03-26 10:08:28,545,6170,2089,1350,1385,776,7204,991,68,-1035
2024-03-26 04:08:28,639,5733,1824,1618,1386,2234,7773,-1,68,-2040
2024-03-25 22:08:31,658,6789,2407,1718,1371,2056,8278,-1,68,-1489
2024-03-25 16:08:37,546,6328,1859,1625,1334,2267,8170,469,70,-1842
2024-03-25 10:08:43,557,6888,1883,1624,1309,2194,8139,505,67,-1252
2024-03-25 04:08:49,619,5068,1631,1647,1396,1618,6976,-2,66,-1908
2024-03-24 22:00:28,651,6094,2320,1245,1398,741,6423,-1,67,-329
2024-03-24 16:00:28,548,5183,1039,1092,1401,910,5477,420,66,-293
2024-03-24 09:59:28,535,4944,889,1092,1398,564,5139,594,67,-195
2024-03-24 03:59:28,637,4996,1822,1220,1395,1096,6234,-3,66,-1238
2024-03-23 21:59:29,729,6428,2244,1207,1402,1624,7272,-2,68,-844
2024-03-23 15:59:35,686,5221,1305,1169,1401,486,5785,669,67,-564
2024-03-23 09:59:41,640,5388,1710,1174,1401,479,6298,827,66,-910
2024-03-23 03:59:47,758,5468,1736,1253,1382,102,5297,-1,67,171
2024-03-22 22:00:52,854,6941,2500,1685,1373,94,6570,-1,65,371
2024-03-22 15:59:27,816,6207,2266,1315,1336,82,6483,597,70,-277
2024-03-22 09:59:27,792,6741,2241,1603,1329,327,7070,713,66,-329
2024-03-22 03:59:27,810,5676,1870,1602,1393,478,6213,-2,62,-537
2024-03-21 21:59:27,757,7038,2437,1689,1367,657,6969,-1,64,69
2024-03-21 15:59:27,798,6472,1967,1459,1323,733,6949,600,68,-476
2024-03-21 09:59:30,807,7011,2411,1446,1318,398,7104,657,68,-93
2024-03-21 03:59:36,875,5633,2192,1635,1399,486,6651,-1,66,-1018
2024-03-20 21:59:42,845,6989,2799,1695,1392,383,7177,-1,64,-189
2024-03-20 16:00:47,681,6648,1967,1617,1371,1363,7563,500,65,-915
2024-03-20 09:59:54,639,6844,1824,1551,1397,1610,7870,781,67,-1026
2024-03-20 03:59:27,764,5596,1968,1624,1392,894,6707,-1,66,-1111
2024-03-19 21:59:27,832,7142,2665,1700,1392,408,7060,-1,64,82
2024-03-19 16:00:27,832,6967,2322,1651,1383,284,6895,356,67,72
2024-03-19 09:59:27,761,7304,2300,1630,1315,979,7451,401,65,-147
2024-03-19 03:59:27,760,5571,1923,1623,1387,227,6000,-2,66,-429
2024-03-18 20:46:45,763,7503,2648,1655,1371,255,6758,-1,66,745
2024-03-18 14:48:49,670,6339,2126,1616,1328,7,6531,720,65,-193
2024-03-18 08:47:56,765,7143,2273,1677,1394,492,7005,340,64,138
2024-03-18 02:47:27,765,5119,1881,1213,1397,537,5859,-2,68,-740
2024-03-17 20:46:27,749,6609,2543,1212,1400,932,6904,-1,67,-295
2024-03-17 14:46:27,663,4789,1887,1174,1397,528,6359,643,59,-1570
2024-03-17 08:46:27,658,5327,2068,1170,1393,130,5834,355,59,-508
2024-03-17 02:48:28,728,5197,1775,1211,1399,137,5306,-2,58,-109
2024-03-16 20:46:34,851,7069,2689,1685,1395,110,6788,-1,59,281
2024-03-16 14:47:39,671,5396,1997,1520,1393,-2,6412,778,55,-1016
2024-03-16 08:46:46,725,6055,2303,1619,1393,44,6504,363,57,-449
2024-03-16 02:46:52,737,5534,1877,1611,1387,204,5873,-1,58,-339
2024-03-15 20:46:27,817,7587,2866,1705,1374,72,6892,-1,59,695
2024-03-15 14:46:27,773,6955,2427,1653,1359,376,7045,397,59,-90
2024-03-15 08:47:27,862,7723,2754,1705,1398,233,7169,158,58,554
2024-03-15 02:47:27,778,5721,1909,1634,1381,525,6283,-2,57,-562
2024-03-14 20:47:27,954,7593,2656,1706,1375,572,7321,-1,58,272
2024-03-14 14:47:28,770,7279,2038,1658,1322,808,6902,250,56,377
2024-03-14 08:46:35,715,7668,2414,1646,1390,937,7318,159,57,351
2024-03-14 02:46:41,764,5669,1396,1627,1387,1187,6417,-1,58,-747
2024-03-13 20:47:46,849,7681,2756,1724,1375,374,7137,-1,59,544
2024-03-13 14:46:53,836,7389,2192,1665,1345,267,6551,190,56,838
2024-03-13 08:46:27,799,7805,2578,1706,1390,71,6685,90,51,1120
2024-03-13 02:46:27,790,5579,1436,1610,1390,166,5439,-1,49,140
2024-03-12 20:47:27,821,7618,2645,1720,1385,711,7331,-1,49,287
2024-03-12 14:46:27,807,7228,1950,1637,1392,1951,8100,315,47,-873
2024-03-12 08:47:27,803,7482,2423,1672,1379,2285,8681,68,51,-1199
2024-03-12 02:46:30,818,5547,1252,1637,1375,2265,7394,-1,48,-1847
2024-03-11 20:46:36,811,7687,2593,1722,1360,2668,9201,-1,48,-1514
2024-03-11 14:46:42,860,7264,2006,1295,1327,2495,8240,217,40,-976
2024-03-11 08:47:47,815,7561,2358,1280,1401,1840,7840,120,27,-278
2024-03-11 02:47:53,749,5067,1141,1226,1396,1625,6165,-2,28,-1098
2024-03-10 20:47:27,724,6552,2026,1248,1397,1895,7320,-1,31,-767
2024-03-10 14:47:27,663,4759,1119,1212,1403,800,5882,657,29,-1123
2024-03-10 08:46:27,726,5403,1716,1227,1398,355,5693,242,29,-290
2024-03-10 02:47:27,736,5219,1375,1233,1403,404,5177,-2,28,42
2024-03-09 20:46:27,772,6923,2703,1305,1399,181,6388,-1,31,535
2024-03-09 14:46:31,653,5269,1392,1070,1400,68,5301,679,35,-32
2024-03-09 08:46:37,695,6186,1754,1201,1399,101,5492,304,38,694
2024-03-09 02:48:41,738,5588,1301,1255,1401,154,4885,-2,36,703
2024-03-08 20:47:48,765,7784,2632,1741,1381,37,6594,-1,38,1190
2024-03-08 14:47:54,756,7218,2242,1719,1305,162,6558,337,36,660
2024-03-08 08:46:27,757,7627,2562,1710,1399,576,7168,125,39,459
2024-03-08 02:46:27,758,5718,1521,1648,1396,577,5938,0,38,-221
2024-03-07 20:47:27,752,7783,2914,1754,1373,385,7222,0,43,561
2024-03-07 14:47:27,753,7072,2022,1695,1305,396,6502,275,55,570
2024-03-07 08:46:27,665,7623,2447,1707,1375,556,6986,180,56,636
2024-03-07 02:46:32,683,5611,1285,1626,1378,529,5556,-1,55,55
2024-03-06 20:46:38,742,7645,2560,1727,1364,127,6578,0,57,1067
2024-03-06 14:46:44,737,6960,1966,1664,1334,286,6322,277,53,638
2024-03-06 07:46:51,697,7214,2328,1717,1379,476,6688,33,54,526
2024-03-06 01:46:27,766,5628,1543,1634,1380,194,5565,-1,50,63
2024-03-05 19:46:27,738,7683,2647,1708,1365,735,7250,-1,58,433
2024-03-05 13:46:27,657,6587,1800,1637,1195,532,6548,673,56,39
2024-03-05 07:47:27,668,7160,2167,1678,1384,1097,7093,44,55,67
2024-03-05 01:47:27,706,5603,1452,1622,1382,767,5981,-1,54,-379
2024-03-04 19:47:27,749,7735,2595,1711,1371,1146,7625,-1,52,110
2024-03-04 13:46:34,527,5954,1465,1578,1360,491,6479,1001,56,-525
2024-03-04 07:46:40,637,6964,2338,1694,1383,541,6765,119,53,199
2024-03-04 01:42:50,555,5179,1537,1649,1385,171,5347,-2,52,-168
2024-03-03 19:38:27,647,6737,2398,1688,1383,202,6370,-1,53,366
2024-03-03 12:56:49,530,4919,1402,1125,1383,3,5261,758,52,-342
2024-03-03 06:57:54,629,5209,1578,1195,1380,83,4917,-1,52,292
2024-03-03 00:55:27,546,5299,1401,1190,1372,455,5014,-2,52,284
2024-03-02 18:55:27,610,7116,2195,1215,1369,833,6273,-1,53,844
2024-03-02 12:55:27,535,5955,1668,1160,1357,544,5835,519,53,120
2024-03-02 06:55:27,568,5671,1541,1197,1381,878,5614,-1,51,56
2024-03-02 00:55:27,526,5732,1168,1616,1384,1768,6514,-1,55,-782
2024-03-01 18:55:33,584,7687,2391,1680,1372,1935,8019,-1,58,-332
2024-03-01 12:55:40,639,7234,2642,1659,1325,762,7332,249,57,-98
2024-03-01 06:54:47,643,6530,1665,1642,1386,1193,6586,-1,58,-56
2024-03-01 00:54:53,674,5735,1506,1520,1379,800,5934,-1,55,-199
2024-02-29 18:55:27,907,7692,2610,1689,1365,1043,7666,0,54,26
2024-02-29 12:55:27,886,7195,2706,1700,1383,357,7369,281,56,-175
2024-02-29 06:55:27,871,6517,1687,1658,1394,487,6151,-1,55,365
2024-02-29 00:55:27,861,5634,1582,1678,1396,467,6040,-2,59,-407
2024-02-28 18:47:31,906,7716,2615,1679,1399,497,7154,-1,58,562
2024-02-28 12:47:37,715,6125,1548,1671,1396,147,6337,799,56,-212
2024-02-28 06:47:43,866,6462,1759,1628,1394,157,5860,-1,58,603
2024-02-28 00:47:49,739,5666,1632,1625,1388,406,5843,-1,56,-177
2024-02-27 18:48:54,904,7623,2877,1570,1383,485,7278,-1,60,345
2024-02-27 12:47:27,763,5928,2005,1275,1311,85,6457,954,59,-529
2024-02-27 06:46:27,864,6349,1518,1691,1398,292,5821,-1,58,528
2024-02-27 00:47:27,744,5685,1664,1659,1373,734,6230,-1,57,-545
2024-02-26 18:46:27,871,7715,2527,1676,1378,1583,8095,0,56,-380
2024-02-26 12:46:27,745,6277,1742,1648,1356,1162,7380,668,53,-1103
2024-02-26 06:47:32,790,6136,1691,1656,1398,1375,6964,-1,55,-828
2024-02-26 00:47:38,878,5222,1608,1667,1401,1380,6985,-1,52,-1763
2024-02-25 18:47:44,918,6537,2335,1676,1399,1198,7581,-1,53,-1045
2024-02-25 12:46:51,874,5312,1888,1633,1399,583,6780,353,50,-1468
2024-02-25 06:47:56,861,5093,1611,1670,1394,581,6169,-1,53,-1076
2024-02-25 00:47:27,876,5301,1798,1688,1392,723,6527,-1,51,-1226
2024-02-24 18:47:27,882,7016,2322,1651,1395,954,7259,-1,55,-243
2024-02-24 12:46:27,836,5796,2103,1636,1390,350,7007,632,53,-1211
2024-02-24 06:46:27,873,5695,1655,1674,1393,689,6336,-1,53,-641
2024-02-24 00:46:28,882,5688,1777,1680,1391,945,6727,-1,53,-1039
2024-02-23 18:46:34,901,7757,2509,1665,1392,1313,7837,0,59,-80
2024-02-23 12:47:39,844,6568,2287,1640,1392,372,7326,737,54,-758
2024-02-23 06:46:46,831,6359,1832,1653,1384,1245,7002,-1,58,-642
2024-02-23 00:47:51,756,5857,1440,1641,1369,1881,7144,-1,56,-1287
2024-02-22 18:47:57,887,7887,2510,1724,1352,1360,7889,-1,56,-3
2024-02-22 12:47:27,805,6316,1807,1444,1365,222,6646,941,56,-331
2024-02-22 06:48:27,923,6716,1952,1746,1393,160,6231,-1,59,485
2024-02-22 00:46:27,886,5984,1753,1733,1378,153,5957,-2,57,27
2024-02-21 18:47:27,918,7979,2818,1748,1359,120,7021,-1,59,957
2024-02-21 12:47:28,754,6801,2234,1678,1327,54,6637,535,56,164
2024-02-21 06:46:35,756,6587,1740,1716,1373,310,5952,-1,58,636
2024-02-21 00:46:41,787,5883,1815,1726,1365,386,6135,-1,57,-252
2024-02-20 18:46:47,756,7955,2762,1725,1366,664,7329,-1,57,626
2024-02-20 12:46:53,728,6790,2095,1666,1339,132,6698,672,60,92
2024-02-20 06:47:27,873,6668,2040,1625,1372,396,6361,-1,55,308
2024-02-20 00:47:27,883,5912,1957,1638,1359,317,6208,-2,55,-297
2024-02-19 18:47:27,916,7956,2966,1626,1338,109,7011,-1,58,945
2024-02-19 12:47:27,936,6963,2097,1440,1326,37,6572,659,56,390
2024-02-19 06:47:27,878,6427,2144,1539,1380,233,6230,-2,57,197
2024-02-19 00:46:29,728,5357,1954,1506,1401,1030,6672,-2,54,-1315
2024-02-18 18:47:34,846,6769,2639,1519,1400,807,7266,-1,57,-498
2024-02-18 12:47:40,867,5621,2324,1469,1399,310,6921,498,53,-1300
2024-02-17 20:17:27,897,7226,2719,1530,1399,61,6660,-1,55,566
2024-02-17 14:17:33,861,6014,2337,1489,1395,14,6616,465,55,-602
2024-02-17 08:17:39,781,6350,2577,1505,1400,186,6564,59,56,-213
2024-02-17 02:16:46,735,5462,2191,1498,1398,289,6166,-1,56,-703
2024-02-16 20:16:52,770,7654,2703,1528,1380,713,7152,-1,58,502
2024-02-16 14:17:27,748,6211,2089,1319,1367,521,6892,790,58,-681
2024-02-16 08:17:27,758,7448,2293,1522,1391,1510,7638,104,61,-191
2024-02-16 02:17:27,886,5638,2192,1505,1381,1649,7661,-1,49,-2023
2024-02-15 20:17:27,728,7723,2619,1525,1378,2144,8457,-1,57,-734
2024-02-15 14:16:27,812,6404,2267,1442,1387,1570,8329,793,58,-1926
2024-02-15 08:16:29,733,7570,2581,1509,1388,2500,8863,93,58,-1293
2024-02-15 02:17:34,884,5657,2248,1481,1386,2349,8405,-1,58,-2748
2024-02-14 20:17:40,733,7684,2652,1514,1380,2578,8913,-1,56,-1229
2024-02-14 14:16:47,782,7016,2427,1475,1351,2148,8610,369,57,-1594
2024-02-14 08:18:51,769,7410,2704,1490,1395,1711,8177,51,57,-767
2024-02-14 02:16:27,888,5563,1793,1482,1393,1430,7047,-1,55,-1483
2024-02-13 20:16:27,892,7583,2814,1490,1362,719,7336,-1,59,247
2024-02-13 07:55:39,768,7222,2405,1497,1390,274,6407,10,59,815
2024-02-13 01:46:54,857,5484,1578,1486,1378,561,5911,-2,58,-427
2024-02-12 19:46:27,913,7671,2965,1489,1371,1954,8752,0,58,-1081
2024-02-12 13:48:27,865,7232,2340,1478,1359,2491,8815,226,57,-1583
2024-02-12 07:47:27,874,6978,2527,1515,1394,2342,8711,4,55,-1733
2024-02-12 01:47:27,713,4908,1386,1476,1392,2320,7336,-1,51,-2428
2024-02-11 19:46:27,891,6582,2416,1492,1394,1865,8111,-1,54,-1529
2024-02-11 13:47:30,847,5422,1726,1472,1394,2395,8152,266,54,-2730
2024-02-11 07:46:37,945,5350,1853,1477,1391,1649,7372,3,53,-2022
2024-02-11 01:47:42,740,5100,1637,1474,1393,1144,6438,-1,52,-1339
2024-02-10 19:48:47,739,6993,2416,1504,1389,1402,7504,-1,56,-512
2024-02-10 13:46:55,748,5899,2167,1480,1386,494,6660,331,55,-761
2024-02-10 07:47:27,742,5960,2068,1506,1398,797,6566,0,54,-606
2024-02-10 01:46:27,722,5397,1659,1496,1397,1230,6557,-1,54,-1161
2024-02-09 19:46:27,726,7698,2342,1504,1381,1947,7956,-1,57,-258
2024-02-09 13:46:27,741,6657,2014,1486,1362,1308,7535,565,56,-878
2024-02-09 07:47:27,763,7138,2124,1507,1400,1921,7790,15,58,-651
2024-02-09 01:47:31,703,5652,1548,1501,1395,1903,7106,-1,57,-1454
2024-02-08 19:47:37,881,7656,2720,1520,1372,1359,7909,-1,58,-253
2024-02-08 13:47:43,858,6833,2066,1517,1325,1554,8007,627,60,-1174
2024-02-08 07:47:49,873,7208,2479,1536,1395,1102,7452,7,59,-244
2024-02-08 01:47:55,744,5506,1717,1508,1385,1953,7363,-1,58,-1857
2024-02-07 19:47:27,756,7827,2248,1526,1384,2559,8535,0,59,-708
2024-02-07 13:47:28,726,6571,1724,1464,1389,1533,7616,724,55,-1045
2024-02-07 07:47:27,743,7242,2383,1518,1405,1877,7995,12,57,-753
2024-02-07 01:47:27,835,5583,1394,1536,1398,1648,6867,-1,58,-1285
2024-02-06 19:46:27,795,7757,2519,1567,1393,2092,8425,-1,59,-668
2024-02-06 13:47:33,755,6310,1637,1516,1387,2073,8300,874,59,-1990
2024-02-06 07:47:38,952,7279,2062,1554,1394,2145,8172,7,58,-893
2024-02-06 01:46:45,921,5661,1475,1527,1394,2041,7412,-1,56,-1751
2024-02-05 19:47:50,821,7863,2309,1613,1371,2418,8590,-1,59,-727
2024-02-05 13:47:56,808,7068,1533,1572,1327,2588,8437,553,57,-1370
2024-02-05 07:47:27,857,7291,2019,1623,1398,2164,8123,3,58,-832
2024-02-05 01:47:27,772,5241,1120,1548,1402,2185,7080,-1,55,-1839
2024-02-04 19:47:27,945,6964,2288,1647,1399,1603,7938,-1,58,-974
2024-02-04 13:47:27,770,5641,1418,762,1403,922,5921,589,59,-280
2024-02-04 07:46:28,831,5777,1857,776,1402,1230,6154,0,56,-377
2024-02-04 01:46:34,947,5445,1334,1594,1394,1165,6490,-1,56,-1045
2024-02-03 19:46:40,911,7504,2550,1675,1392,1592,8186,-1,66,-682
2024-02-03 13:46:46,807,6645,1631,1561,1395,2201,8250,592,63,-1606
2024-02-03 07:47:51,937,6590,1963,1651,1393,1621,7639,7,66,-1049
2024-02-03 01:47:27,817,5939,1512,1648,1396,382,5820,-1,65,119
2024-02-02 19:46:27,911,8023,2176,1815,1377,693,7038,-1,67,985
2024-02-02 13:46:27,1031,7458,1930,1817,1341,637,7066,240,70,392
2024-02-02 07:46:27,932,7642,2218,1827,1391,1105,7542,0,70,99
2024-02-02 01:46:27,940,6038,1592,1814,1392,709,6515,-1,69,-477
2024-02-01 19:47:28,948,8239,2315,1851,1366,1306,7857,-1,71,382
2024-02-01 13:41:41,931,7168,1628,1828,1386,515,6998,640,70,170
2024-02-01 07:38:14,1052,7873,2255,1890,1401,247,6913,0,68,961
2024-02-01 01:38:14,984,6207,1475,1830,1401,123,5879,-1,67,328
2024-01-31 14:47:14,919,6978,1600,1799,1336,96,6575,756,70,404
2024-01-31 04:49:14,961,6209,1562,1768,1399,218,5975,-1,68,234
2024-01-30 16:59:14,1094,7623,2261,1845,1388,56,6761,46,71,862
2024-01-30 10:55:19,924,7203,1937,1848,1360,502,7304,662,71,-101
2024-01-30 03:29:14,966,5938,1737,1792,1398,1001,6957,-1,71,-1019
2024-01-29 15:25:14,937,7402,1881,1839,1360,1111,7583,387,69,-180
2024-01-29 09:17:23,964,8323,2503,1850,1403,1445,8446,221,70,-123
2024-01-29 03:17:29,858,5454,1515,1767,1399,1769,7376,-2,69,-1922
2024-01-28 21:16:36,848,6826,2107,1848,1403,2031,8307,-1,73,-1481
2024-01-28 15:16:42,823,6115,1471,1396,1402,1768,7118,196,63,-1003
2024-01-28 09:16:14,896,6194,2268,1388,1405,646,6814,146,63,-620
2024-01-28 03:16:14,879,5468,1806,1868,1403,604,6622,-2,63,-1154
2024-01-27 21:16:14,894,7086,2472,1834,1398,1180,7836,-1,61,-750
2024-01-27 15:16:14,855,6901,1902,1785,1399,489,6632,141,60,269
2024-01-27 09:17:14,888,7182,2547,1819,1397,81,6860,68,59,322
2024-01-27 03:17:18,900,5794,1740,1767,1396,218,6081,-1,60,-287
2024-01-26 21:16:25,871,7522,2648,1858,1385,704,7527,-1,63,-5
2024-01-26 15:16:31,851,7146,2174,1806,1374,964,7612,382,61,-466
2024-01-26 09:17:36,853,8025,2552,1850,1318,893,7734,206,62,292
2024-01-26 03:16:43,887,5812,2064,1781,1398,854,7042,-1,60,-1231
2024-01-25 21:18:14,835,7629,2421,1844,1374,1696,8230,-1,61,-600
2024-01-25 15:17:14,854,7535,2223,1829,1283,1269,7844,325,61,-308
2024-01-25 09:17:14,965,8327,2611,1878,1344,898,7890,134,60,437
2024-01-25 03:17:14,868,5687,1541,1728,1396,1781,7372,-1,60,-1685
2024-01-24 21:17:14,965,7566,2595,1871,1399,1985,8873,-1,59,-1308
2024-01-24 15:17:19,960,7351,2590,1873,1396,400,7444,164,61,-93
2024-01-24 09:16:26,987,7955,3011,1910,1395,83,7552,108,60,403
2024-01-24 03:16:32,906,6151,2067,1827,1391,69,6320,-1,61,-170
2024-01-23 21:16:38,1015,7885,2624,1912,1375,164,7155,-1,62,730
2024-01-23 15:16:44,967,7930,2542,1902,1359,482,7476,163,60,453
2024-01-23 09:17:14,915,8757,3044,1857,1367,1058,8397,91,61,360
2024-01-23 03:16:14,905,6115,1934,1822,1396,510,6626,-2,62,-511
2024-01-22 21:17:14,988,7953,2808,1911,1367,351,7493,-1,63,461
2024-01-22 15:17:14,861,7752,2504,1865,1330,204,7078,253,61,675
2024-01-22 09:16:15,987,8729,3173,1892,1369,80,7664,94,60,1065
2024-01-22 03:16:21,903,5677,1836,1828,1379,394,6400,-1,60,-723
2024-01-21 21:17:26,1038,7111,2753,1894,1385,741,7873,-1,61,-762
2024-01-21 15:08:41,846,6118,2026,1808,1383,429,6854,301,60,-735
2024-01-21 09:08:14,901,6593,2547,1808,1380,360,7115,63,55,-522
2024-01-21 02:56:14,848,5696,1668,1700,1386,606,6264,-1,57,-567
2024-01-20 20:29:39,940,7572,2725,1857,1385,575,7539,-1,59,33
2024-01-20 14:29:14,827,6887,2009,1735,1380,1532,7765,223,58,-878
2024-01-20 08:29:14,908,7112,2453,1738,1385,2093,8637,0,60,-1525
2024-01-20 02:29:14,887,5825,1743,1701,1385,2111,7884,-1,58,-2059
2024-01-19 20:30:14,885,7926,2343,1789,1372,679,7127,-1,60,799
2024-01-19 14:29:14,885,7668,2549,1778,1332,543,7287,178,47,382
2024-01-19 08:30:15,846,7864,2369,1754,1387,1985,8427,39,48,-563
2024-01-19 02:29:22,836,5749,1377,1633,1388,2017,7307,-1,57,-1558
2024-01-18 20:29:28,911,7956,2373,1783,1363,1325,7812,0,58,144
2024-01-18 14:30:33,840,7726,1958,1803,1310,893,7029,171,53,697
2024-01-18 08:25:44,897,7922,2319,1820,1391,1041,7538,10,60,384
2024-01-18 02:25:14,868,5837,1273,1700,1391,1719,7007,-1,59,-1170
2024-01-17 20:25:14,905,7984,2427,1829,1386,1843,8448,-1,59,-463
2024-01-17 14:25:14,895,7696,2373,1853,1399,797,7596,221,59,100
2024-01-17 08:25:14,960,8247,2394,1877,1401,105,6839,41,60,1408
2024-01-17 02:27:14,899,5931,1335,1759,1398,307,5755,-1,59,176
2024-01-16 20:25:21,1122,8124,2728,1847,1398,331,7485,-1,60,639
2024-01-16 14:25:27,733,7216,1741,1805,1400,799,7144,606,59,73
2024-01-16 08:25:33,905,8223,2677,1862,1399,658,7595,31,63,628
2024-01-16 02:25:39,847,5933,1295,1709,1398,1408,6715,-1,59,-782
2024-01-15 20:25:14,938,8110,2623,1852,1382,1092,7945,-1,58,165
2024-01-15 14:25:14,862,8039,2205,1871,1309,999,7480,176,58,558
2024-01-15 08:25:14,900,8265,2491,1858,1398,858,7593,29,58,672
2024-01-15 02:25:14,860,5563,1568,1837,1399,752,6472,-2,57,-910
2024-01-14 20:25:14,886,7172,2431,1850,1399,1146,7770,-1,60,-599
2024-01-14 14:26:15,851,6026,1454,1796,1400,1491,7513,462,59,-1486
2024-01-14 08:25:22,938,6327,2071,1857,1401,1584,7947,35,61,-1620
2024-01-14 02:25:28,882,5707,1313,1851,1401,1109,6615,-1,60,-908
2024-01-13 20:25:34,951,7628,1977,1864,1401,1308,7561,-1,61,67
2024-01-13 14:26:39,938,6979,1657,1836,1404,1223,7562,444,59,-582
2024-01-13 08:25:14,888,7019,1807,1864,1399,1053,7085,15,59,-66
2024-01-13 02:25:14,943,6149,1285,1875,1395,125,5680,-2,59,469
2024-01-12 13:55:35,1021,8088,2141,1867,1365,1527,8259,279,58,-171
2024-01-12 07:55:41,1045,7841,1891,1879,1393,1257,7525,0,57,316
2024-01-12 01:56:13,925,6153,1176,1843,1395,1028,6422,-1,57,-269
2024-01-11 19:56:13,1155,8347,2062,1873,1385,1643,8175,-1,58,172
2024-01-11 13:55:13,919,7578,1472,1838,1346,1201,7520,689,56,57
2024-01-11 07:55:13,957,8090,1856,1864,1390,1006,7135,1,58,955
2024-01-11 01:57:13,942,6220,1350,1847,1389,1028,6604,-1,49,-384
2024-01-10 19:56:17,949,8424,1964,1856,1373,1377,7579,-1,59,844
2024-01-10 13:55:24,939,7639,1604,1636,1357,865,7162,710,51,477
2024-01-10 07:56:29,902,8127,1970,1867,1387,1451,7639,1,55,489
2024-01-10 01:56:35,906,6137,1352,1860,1390,1757,7313,-1,51,-1176
2024-01-09 19:55:42,888,8353,2496,1904,1391,2343,9077,0,56,-724
2024-01-09 13:55:48,871,8076,2091,1859,1365,2294,8812,289,44,-736
2024-01-09 06:47:20,860,6912,1697,1805,1389,2015,7823,0,57,-911
2024-01-09 00:26:31,916,6330,2021,1854,1375,2158,8376,0,53,-2046
2024-01-08 17:59:20,890,8414,2455,1850,1378,2284,8912,0,55,-499
2024-01-08 11:25:45,870,8196,2353,1850,1369,2427,9027,103,55,-830
2024-01-08 05:25:20,824,5437,1460,1585,1394,2406,7724,-1,56,-2287
2024-01-07 23:26:20,830,5647,1950,1571,1386,1021,6811,-1,54,-1164
2024-01-07 17:25:20,873,6614,2627,1777,1373,602,7305,-1,54,-691
2024-01-07 11:26:20,862,6060,2586,1668,1337,1157,7824,160,54,-1764
2024-01-07 05:25:20,812,5047,1519,1599,1392,1598,6974,-1,56,-1927
2024-01-06 23:25:22,845,5566,2064,1611,1385,1126,7084,-1,55,-1518
2024-01-06 17:25:28,843,6637,2226,1724,1331,893,7070,-1,54,-433
2024-01-06 11:25:34,736,5825,2139,1614,1384,839,7012,246,53,-1187
2024-01-06 05:26:39,878,5304,1626,1623,1397,1403,6979,-1,53,-1675
2024-01-05 23:26:45,862,6016,2517,1682,1393,336,6842,-1,53,-826
2024-01-05 17:26:20,859,7615,2427,1732,1388,1163,7622,-1,54,-7
2024-01-05 11:27:15,728,6453,2245,1606,1352,1248,7948,715,53,-1495
2024-01-05 05:17:22,874,5416,1612,1619,1397,1736,7291,-1,55,-1875
2024-01-04 23:16:22,865,6113,2311,1654,1389,1913,8186,-1,54,-2072
2024-01-04 17:16:26,878,7370,2559,1751,1395,1046,7684,-1,55,-313
2024-01-04 09:59:03,876,6991,2310,1593,1352,1762,8141,191,56,-1150
2024-01-03 19:59:05,870,7188,2506,1487,1371,2376,8650,0,41,-1463
2024-01-03 09:47:27,901,7011,2428,1480,1323,1194,7445,86,31,-434
2024-01-03 03:47:33,852,4669,1582,1403,1393,612,5872,-2,31,-1203
2024-01-02 21:46:06,844,5879,2299,1417,1396,411,6396,-1,31,-517
2024-01-02 15:46:05,781,5549,2147,1513,1394,211,6217,136,31,-667
2024-01-02 09:47:05,878,5607,2204,1440,1394,189,6214,77,32,-607
2024-01-02 01:47:05,687,4581,1516,1338,1396,2094,7061,-1,31,-2480
2024-01-01 19:47:06,729,5743,2138,1402,1397,1925,7619,-1,32,-1876
2024-01-01 13:47:12,737,4662,947,1417,1397,365,5159,266,30,-496
2024-01-01 02:25:04,840,4976,869,1419,1397,1338,5893,-1,31,-917
2023-12-31 20:25:04,968,6258,2614,1616,1395,749,7372,-1,32,-1114
2023-12-31 14:26:04,856,5276,2276,1622,1393,43,6717,497,31,-1441
2023-12-31 08:25:04,863,5385,2446,1634,1395,152,6539,18,32,-1154
2023-12-31 02:25:10,846,4795,1623,1600,1396,689,6185,-2,32,-1390
2023-12-30 20:25:16,1014,6918,2704,1652,1371,1125,7894,-1,31,-977
2023-12-30 14:25:22,1001,5782,2429,1586,1249,307,7004,401,31,-1223
2023-12-30 02:38:21,1092,4882,1554,1629,680,494,5492,-1,45,-611
2023-12-29 17:17:51,1006,6988,2679,1696,1335,162,6924,0,46,65
2023-12-29 11:17:23,832,5983,2133,1641,1341,703,7296,602,44,-1314
2023-12-28 12:08:30,859,6066,2013,1700,1339,858,7475,660,44,-1410
2023-12-28 06:08:36,849,5382,1623,1701,1389,767,6378,-1,44,-996
2023-12-28 00:09:10,866,5464,1620,1735,1383,161,5811,-1,43,-347
2023-12-27 18:07:10,859,6829,2578,1773,1366,391,7032,-1,45,-203
2023-12-27 12:08:10,854,5534,2082,1689,1318,245,6932,702,43,-1398
2023-12-27 06:09:10,846,5047,1457,1579,1393,1111,6438,-2,48,-1391
2023-12-27 00:08:10,848,5028,1366,1593,1397,1745,6998,-2,47,-1970
2023-12-26 18:08:13,860,6017,1927,1561,1395,950,6741,-1,49,-724
2023-12-26 12:09:18,840,4792,1408,1443,1398,330,6023,558,47,-1231
2023-12-26 06:09:24,865,4746,1287,1699,1392,556,5853,-1,48,-1107
2023-12-26 00:08:31,858,5000,1223,1725,1394,1558,6804,-1,48,-1804
2023-12-25 18:08:37,1018,5761,2422,1735,1395,1457,8074,-1,48,-2313
2023-12-25 10:59:10,820,4937,1227,1651,1391,2089,7556,330,48,-2619
2023-12-25 04:59:10,814,4677,1079,1367,1394,919,5616,-1,43,-938
2023-12-24 22:59:10,1000,5720,1295,1710,1392,1215,6650,-1,39,-930
2023-12-24 16:59:12,1110,6776,1816,1820,1397,544,6726,-1,39,50
2023-12-24 10:59:18,995,5998,2087,1745,1395,508,7099,327,42,-1101
2023-12-24 04:59:24,1020,5048,1279,1757,1396,957,6453,-1,45,-1405
2023-12-23 22:59:30,1029,6367,2156,1798,1392,1399,7817,-2,45,-1450
2023-12-23 16:59:36,1051,7697,3051,1877,1390,701,8123,4,49,-426
2023-12-23 10:59:10,1024,6958,2194,1814,1392,1773,8342,113,32,-1384
2023-12-23 04:59:10,991,5457,1522,1746,1394,1714,7397,0,31,-1939
2023-12-22 22:59:10,965,6437,2128,1805,1384,1638,7950,0,31,-1512
2023-12-22 16:59:10,871,7687,2285,1860,1374,2338,8759,0,30,-1072
2023-12-22 10:59:10,986,7374,2208,1806,1317,1851,8427,228,30,-1053
2023-12-22 04:59:13,973,5858,1373,1806,1395,1358,6946,-1,41,-1088
2023-12-21 23:00:18,977,6659,1993,1883,1391,729,7014,-1,42,-355
2023-12-21 16:59:25,1045,8030,2016,1887,1336,214,6539,0,40,1491
2023-12-21 10:59:31,821,7645,2107,1873,1343,343,6886,359,41,759
2023-12-21 04:59:37,822,5874,1315,1764,1393,1725,7060,-1,42,-1186
2023-12-20 22:59:10,979,6772,2190,1869,1392,768,7239,-1,41,-467
2023-12-20 16:59:10,1044,8153,2177,1912,1383,889,7445,-1,41,708
2023-12-20 10:59:10,1029,7957,2141,1912,1368,257,7027,280,39,930
2023-12-20 04:59:10,1029,5958,1578,1831,1396,530,6402,-1,39,-444
2023-12-19 22:59:10,1012,6771,2106,1870,1387,306,6719,-1,39,53
2023-12-19 16:59:14,1050,8029,2209,1871,1387,332,6887,-1,39,1142
2023-12-19 10:59:20,819,7499,2040,1856,1388,70,6767,555,38,733
2023-12-19 05:00:25,1009,5939,1602,1854,1394,187,6085,-1,40,-146
2023-12-18 22:59:32,772,6757,1792,1717,1375,1520,7214,-1,39,-458
2023-12-18 16:59:38,709,8164,2138,1463,1340,1306,7014,-1,59,1150
2023-12-18 10:59:10,653,7719,1874,1420,1350,1419,7301,514,58,418
2023-12-18 04:59:10,758,5648,1544,1414,1396,913,6078,-1,55,-430
2023-12-17 22:59:10,763,6255,2232,1484,1395,1071,7000,-1,56,-746
2023-12-17 16:59:10,685,7038,1964,1156,1397,1606,6865,2,56,173
2023-12-17 10:59:10,770,6186,2041,1001,1397,953,6448,233,54,-262
2023-12-17 04:59:15,664,5486,1473,1406,1395,797,5789,-1,55,-303
2023-12-16 23:00:20,663,6402,2138,1487,1402,511,6260,-1,60,142
2023-12-16 16:46:09,788,7374,2304,1948,1394,497,6999,6,62,376
2023-12-16 10:47:09,774,7084,2569,1869,1397,872,7759,218,60,-675
2023-12-16 04:47:09,773,5749,1652,1814,1400,1493,7192,-1,62,-1444
2023-12-15 22:46:09,973,6844,2238,1890,1377,1572,8108,-1,59,-1264
2023-12-15 16:46:09,988,8177,2221,1960,1373,1297,7896,0,57,281
2023-12-15 10:47:10,880,8152,2400,1909,1346,1195,7880,93,57,272
2023-12-15 04:47:16,1001,5885,1836,1822,1391,941,7046,0,55,-1161
2023-12-14 22:47:22,939,6799,2126,1832,1384,955,7296,-1,56,-497
2023-12-14 16:47:28,967,8150,1909,1759,1363,1757,7819,-1,58,332
2023-12-14 10:46:35,1069,8218,2327,1750,1390,680,7356,85,55,862
2023-12-14 04:47:09,1068,5898,1747,1698,1399,841,6806,-1,54,-909
2023-12-13 22:46:09,1082,6797,2091,1738,1383,1625,7961,-1,42,-1164
2023-12-13 16:29:11,988,8230,1786,1741,1367,2281,8206,0,44,24
2023-12-13 10:30:16,1117,8494,2113,1794,1344,920,7420,91,41,1074
2023-12-13 04:26:26,1080,6016,1568,1788,1392,74,5943,-1,41,73
2023-12-12 22:26:32,1099,7126,1511,1747,1390,1130,6916,-1,40,209
2023-12-12 16:20:09,1168,7860,1845,1785,1384,321,6574,15,56,1287
2023-12-12 10:08:09,1139,8137,2088,1774,1363,450,7087,231,51,1050
2023-12-12 04:08:09,1154,5944,1475,1738,1395,126,5937,-1,49,8
2023-12-11 22:08:15,1169,7225,2403,1789,1385,262,7061,0,54,164
2023-12-11 16:08:21,1270,8192,2344,1785,1339,80,6906,35,52,1286
2023-12-11 10:08:27,1135,8041,2231,1786,1305,193,6790,90,49,1251
2023-12-11 04:08:33,1043,5357,1413,1678,1396,162,5739,-1,48,-381
2023-12-10 22:08:39,1123,6574,2452,1801,1393,13,6835,-1,55,-262
2023-12-10 16:08:09,1078,6798,2361,1831,1395,23,6748,1,57,51
2023-12-10 10:08:09,1098,6503,2366,1814,1393,37,6826,59,59,-323
2023-12-10 04:08:09,1055,5471,1624,1726,1395,66,5926,-1,60,-455
2023-12-09 22:07:09,1022,7010,2235,1789,1392,552,7045,-1,57,-35
2023-12-09 16:08:10,1003,7499,2178,1824,1398,960,7427,4,58,73
2023-12-09 10:08:16,975,7457,2270,1816,1396,1292,7869,65,56,-412
2023-12-09 04:08:22,982,5913,1682,1735,1385,1367,7205,-1,57,-1292
2023-12-08 22:08:28,1092,7193,2244,1796,1377,1630,8198,-1,59,-1004
2023-12-08 16:08:34,1060,8156,2730,1799,1310,1307,8269,4,59,-113
2023-12-08 09:38:11,1060,8640,2842,1794,1276,959,8018,25,59,622
2023-12-08 03:38:17,1065,6021,1871,1734,1377,1105,7209,-1,59,-1188
2023-12-07 21:38:23,959,7572,2311,1750,1375,1056,7509,0,57,63
2023-12-07 15:38:29,1077,8260,2272,1764,1363,1365,7913,14,57,347
2023-12-07 09:37:35,1079,8605,2012,1709,1354,1750,8014,29,59,591
2023-12-07 03:38:09,1059,5972,1682,1701,1394,2004,7890,-1,51,-1918
2023-12-06 21:38:09,1039,7517,2228,1753,1380,1996,8449,0,53,-932
2023-12-06 15:38:09,1014,7692,1878,1693,1366,1984,8054,61,54,-362
2023-12-06 09:38:09,1122,8026,2441,1695,1293,481,7177,92,55,848
2023-12-06 03:29:14,1065,5870,1638,1717,1388,394,6257,-1,56,-387
2023-12-05 21:29:20,1095,7692,2340,1760,1377,428,7059,0,53,632
2023-12-05 15:25:30,987,7928,2067,1773,1348,1383,7659,45,55,270
2023-12-05 09:26:35,1074,8375,2072,1782,1327,1305,7734,120,54,641
2023-12-05 03:25:08,958,5746,1690,1717,1385,547,6350,-1,54,-603
2023-12-04 21:26:08,1069,7668,2344,1826,1386,99,6777,0,54,891
2023-12-04 15:25:08,1101,7809,1966,1768,1382,15,6401,114,51,1408
2023-12-04 09:26:08,1062,8308,2359,1821,1395,46,6890,153,53,1418
2023-12-04 03:25:08,1054,5107,1712,1711,1393,480,6402,-1,52,-1294
2023-12-03 21:25:13,1077,6491,2284,1770,1392,839,7412,-1,51,-921
2023-12-03 15:25:19,1072,6128,1846,1750,1396,835,6978,30,49,-850
2023-12-03 09:25:25,1060,5856,2081,1690,1393,728,7078,77,49,-1222
2023-12-03 03:25:31,933,5069,1522,1628,1400,1740,7267,-1,44,-2198
2023-12-02 21:26:36,1024,6594,2528,1770,1393,1246,8008,-1,47,-1413
2023-12-02 15:25:08,1027,6345,1769,1717,1395,991,7005,58,48,-661
2023-12-02 09:26:08,981,6224,2147,1726,1398,1002,7482,178,50,-1258
2023-12-02 03:25:08,1068,5042,1657,1700,1393,1021,6888,-1,50,-1846
2023-12-01 21:25:08,973,6527,1652,1737,1394,1967,7763,0,41,-1236
2023-12-01 15:26:08,1061,6649,1696,1746,1396,1557,7582,84,41,-932
2023-12-01 09:25:14,1068,6642,1911,1781,1394,1593,7885,98,40,-1243
2023-12-01 03:26:19,1030,5327,1302,1664,1389,1722,7149,-1,42,-1822
2023-11-30 21:26:25,920,6800,1742,1815,1387,2136,8053,-1,53,-1254
2023-11-30 15:25:32,994,6656,1662,1773,1376,188,6162,111,51,494
2023-11-29 11:55:30,982,7604,2042,1793,1308,992,7448,281,50,156
2023-11-29 05:55:36,970,6241,1547,1693,1379,1566,7206,0,52,-964
2023-11-28 23:56:11,920,6265,1774,1709,1353,1557,7363,-1,51,-1098
2023-11-28 17:55:11,972,8274,2077,1747,1356,1532,7738,0,53,535
2023-11-28 11:56:11,1011,8030,2385,1746,1343,1107,7771,129,50,259
2023-11-28 05:55:11,1008,6171,1680,1706,1371,477,6292,-1,49,-121
2023-11-27 23:55:11,980,6163,1757,1741,1357,483,6364,-1,47,-201
2023-11-27 17:47:21,1016,8189,1949,1754,1310,721,6802,0,52,1387
2023-11-27 11:47:27,996,7468,1855,1676,1317,602,6953,458,49,515
2023-11-27 05:46:34,1007,5667,1572,1593,1203,586,6003,-1,43,-336
2023-11-26 23:46:40,973,5563,1956,1659,1124,538,6293,-1,43,-730
2023-11-26 17:46:11,1011,6785,2562,1646,921,523,6707,-1,44,79
2023-11-26 11:47:11,961,5871,2774,1518,696,377,6575,208,41,-704
2023-11-26 05:46:11,958,5184,2047,1610,779,609,6049,-1,42,-865
2023-11-25 23:48:11,1009,5916,1677,1565,733,2625,7658,-1,43,-1741
2023-11-25 17:47:11,996,7560,1880,1649,673,2297,7538,0,44,21
2023-11-25 11:46:17,907,7052,1526,1605,671,1722,6561,87,43,491
2023-11-25 05:46:23,973,5502,1374,1543,676,98,4707,-1,43,796
2023-11-24 23:47:28,893,5996,1761,1635,678,124,5140,-1,46,856
2023-11-24 17:47:34,1105,7869,1705,1645,668,1070,6243,0,49,1625
2023-11-24 11:46:11,1070,7443,1956,1652,637,1653,7193,172,52,251
2023-11-24 05:47:11,1030,5977,1384,1586,679,2315,7042,-1,49,-1065
2023-11-23 23:47:11,909,6144,1666,1564,666,2346,7198,-1,49,-1054
2023-11-23 17:47:11,1135,8030,1836,1667,670,1971,7334,-1,54,696
2023-11-23 11:46:11,1031,7428,1713,1674,638,501,5950,337,55,1477
2023-11-23 05:46:12,1085,6028,1580,1650,677,270,5315,-1,51,712
2023-11-22 23:47:17,921,6150,1803,1518,675,1881,6850,-1,52,-700
2023-11-22 17:46:24,1095,8022,1992,1602,662,1739,7149,0,59,873
2023-11-22 11:47:29,1095,7704,2185,1580,663,563,6304,159,58,1400
2023-11-22 05:46:36,1036,5863,1437,1509,683,812,5528,0,52,335
2023-11-21 23:47:11,1084,6004,2115,1555,681,245,5733,-1,52,271
2023-11-21 17:48:11,1096,7756,2422,1569,680,115,5940,0,57,1816
2023-11-21 11:48:11,921,6682,1693,1490,673,271,5519,416,55,1163
2023-11-21 05:46:11,1081,5760,1414,1500,684,399,5131,-1,53,629